-- phpMyAdmin SQL Dump
-- version 5.1.1
-- https://www.phpmyadmin.net/
--
-- Hôte : localhost
-- Généré le : lun. 26 juil. 2021 à 17:19
-- Version du serveur : 10.4.18-MariaDB
-- Version de PHP : 7.4.10

SET SQL_MODE = "NO_AUTO_VALUE_ON_ZERO";
START TRANSACTION;
SET time_zone = "+00:00";


/*!40101 SET @OLD_CHARACTER_SET_CLIENT=@@CHARACTER_SET_CLIENT */;
/*!40101 SET @OLD_CHARACTER_SET_RESULTS=@@CHARACTER_SET_RESULTS */;
/*!40101 SET @OLD_COLLATION_CONNECTION=@@COLLATION_CONNECTION */;
/*!40101 SET NAMES utf8mb4 */;

--
-- Base de données : `restos`
--

-- --------------------------------------------------------

--
-- Structure de la table `categories`
--

CREATE TABLE `categories` (
  `id` int(11) NOT NULL,
  `restaurant_id` int(11) NOT NULL,
  `nom` varchar(255) COLLATE utf8mb4_unicode_ci NOT NULL,
  `type` varchar(255) COLLATE utf8mb4_unicode_ci NOT NULL
) ENGINE=InnoDB DEFAULT CHARSET=utf8mb4 COLLATE=utf8mb4_unicode_ci;

--
-- Déchargement des données de la table `categories`
--

INSERT INTO `categories` (`id`, `restaurant_id`, `nom`, `type`) VALUES
(1, 1, 'Menu1', 'menu'),
(2, 1, 'Menu 2', 'menu'),
(3, 1, 'Menu 3', 'menu'),
(4, 1, 'Boisson', 'carte'),
(5, 1, 'Dessert', 'carte'),
(6, 1, 'Menu 4', 'menu'),
(7, 1, 'Menu 5', 'menu'),
(8, 1, 'Menu 6', 'menu'),
(9, 1, 'Menu 7', 'menu'),
(10, 1, 'Entrée', 'carte'),
(11, 1, 'Vin', 'carte');

-- --------------------------------------------------------

--
-- Structure de la table `commandes`
--

CREATE TABLE `commandes` (
  `id` int(11) NOT NULL,
  `restaurant_id` int(11) NOT NULL,
  `date` date NOT NULL,
  `heure` time NOT NULL,
  `vente` varchar(255) COLLATE utf8mb4_unicode_ci NOT NULL,
  `montant` double NOT NULL
) ENGINE=InnoDB DEFAULT CHARSET=utf8mb4 COLLATE=utf8mb4_unicode_ci;

-- --------------------------------------------------------

--
-- Structure de la table `doctrine_migration_versions`
--

CREATE TABLE `doctrine_migration_versions` (
  `version` varchar(191) COLLATE utf8_unicode_ci NOT NULL,
  `executed_at` datetime DEFAULT NULL,
  `execution_time` int(11) DEFAULT NULL
) ENGINE=InnoDB DEFAULT CHARSET=utf8 COLLATE=utf8_unicode_ci;

--
-- Déchargement des données de la table `doctrine_migration_versions`
--

INSERT INTO `doctrine_migration_versions` (`version`, `executed_at`, `execution_time`) VALUES
('DoctrineMigrations\\Version20210723122602', '2021-07-23 14:26:45', 86),
('DoctrineMigrations\\Version20210726081550', '2021-07-26 10:15:55', 86),
('DoctrineMigrations\\Version20210726120255', '2021-07-26 14:03:02', 84);

-- --------------------------------------------------------

--
-- Structure de la table `frequence`
--

CREATE TABLE `frequence` (
  `id` int(11) NOT NULL,
  `freq` int(11) NOT NULL,
  `restaurant_id` int(11) NOT NULL
) ENGINE=InnoDB DEFAULT CHARSET=utf8mb4 COLLATE=utf8mb4_unicode_ci;

--
-- Déchargement des données de la table `frequence`
--

INSERT INTO `frequence` (`id`, `freq`, `restaurant_id`) VALUES
(1, 15, 1),
(2, 30, 119),
(3, 15, 189),
(4, 30, 450),
(5, 15, 13),
(6, 30, 18),
(7, 15, 20),
(8, 30, 497),
(9, 15, 3),
(10, 30, 2),
(11, 30, 518);

-- --------------------------------------------------------

--
-- Structure de la table `horaire`
--

CREATE TABLE `horaire` (
  `id` int(11) NOT NULL,
  `restaurant_id` int(11) DEFAULT NULL,
  `horaire` longtext COLLATE utf8mb4_unicode_ci NOT NULL COMMENT '(DC2Type:json)'
) ENGINE=InnoDB DEFAULT CHARSET=utf8mb4 COLLATE=utf8mb4_unicode_ci;

--
-- Déchargement des données de la table `horaire`
--

INSERT INTO `horaire` (`id`, `restaurant_id`, `horaire`) VALUES
(1, 1, '{\"lundi_o_m\":\"11:00\",\"lundi_f_m\":\"15:00\",\"mardi_o_m\":\"11:00\",\"mardi_f_m\":\"15:00\",\"mercredi_o_m\":\"10:30\",\"mercredi_f_m\":\"16:00\",\"jeudi_o_m\":\"11:00\",\"jeudi_f_m\":\"15:00\",\"vendredi_o_m\":\"11:00\",\"vendredi_f_m\":\"15:00\",\"samedi_o_m\":\"11:00\",\"samedi_f_m\":\"15:00\",\"dimanche_o_m\":\"\",\"dimanche_f_m\":\"\",\"lundi_o_s\":\"18:00\",\"lundi_f_s\":\"23:00\",\"mardi_o_s\":\"18:00\",\"mardi_f_s\":\"23:00\",\"mercredi_o_s\":\"18:00\",\"mercredi_f_s\":\"23:00\",\"jeudi_o_s\":\"18:00\",\"jeudi_f_s\":\"23:00\",\"vendredi_o_s\":\"18:00\",\"vendredi_f_s\":\"23:00\",\"samedi_o_s\":\"18:00\",\"samedi_f_s\":\"23:00\",\"dimanche_o_s\":\"\",\"dimanche_f_s\":\"\"}'),
(3, 2, '{\"lundi_o_m\":\"11:00\",\"lundi_f_m\":\"\",\"mardi_o_m\":\"\",\"mardi_f_m\":\"\",\"mercredi_o_m\":\"\",\"mercredi_f_m\":\"\",\"jeudi_o_m\":\"\",\"jeudi_f_m\":\"\",\"vendredi_o_m\":\"\",\"vendredi_f_m\":\"\",\"samedi_o_m\":\"\",\"samedi_f_m\":\"\",\"dimanche_o_m\":\"\",\"dimanche_f_m\":\"\",\"lundi_o_s\":\"\",\"lundi_f_s\":\"\",\"mardi_o_s\":\"\",\"mardi_f_s\":\"\",\"mercredi_o_s\":\"\",\"mercredi_f_s\":\"\",\"jeudi_o_s\":\"\",\"jeudi_f_s\":\"\",\"vendredi_o_s\":\"\",\"vendredi_f_s\":\"\",\"samedi_o_s\":\"\",\"samedi_f_s\":\"\",\"dimanche_o_s\":\"\",\"dimanche_f_s\":\"\"}'),
(4, 3, '{\"lundi_o_m\":\"11:00\",\"lundi_f_m\":\"15:00\",\"mardi_o_m\":\"11:00\",\"mardi_f_m\":\"15:00\",\"mercredi_o_m\":\"11:00\",\"mercredi_f_m\":\"15:00\",\"jeudi_o_m\":\"11:00\",\"jeudi_f_m\":\"15:00\",\"vendredi_o_m\":\"11:00\",\"vendredi_f_m\":\"15:00\",\"samedi_o_m\":\"11:00\",\"samedi_f_m\":\"15:00\",\"dimanche_o_m\":\"\",\"dimanche_f_m\":\"\",\"lundi_o_s\":\"18:00\",\"lundi_f_s\":\"22:30\",\"mardi_o_s\":\"18:00\",\"mardi_f_s\":\"22:30\",\"mercredi_o_s\":\"18:00\",\"mercredi_f_s\":\"01:30\",\"jeudi_o_s\":\"18:00\",\"jeudi_f_s\":\"22:30\",\"vendredi_o_s\":\"18:00\",\"vendredi_f_s\":\"22:30\",\"samedi_o_s\":\"18:00\",\"samedi_f_s\":\"23:00\",\"dimanche_o_s\":\"\",\"dimanche_f_s\":\"\"}'),
(5, 518, '{\"lundi_o_m\":\"11:00\",\"lundi_f_m\":\"15:00\",\"mardi_o_m\":\"11:00\",\"mardi_f_m\":\"15:00\",\"mercredi_o_m\":\"11:00\",\"mercredi_f_m\":\"15:00\",\"jeudi_o_m\":\"11:00\",\"jeudi_f_m\":\"15:00\",\"vendredi_o_m\":\"11:00\",\"vendredi_f_m\":\"15:00\",\"samedi_o_m\":\"11:00\",\"samedi_f_m\":\"15:00\",\"dimanche_o_m\":\"\",\"dimanche_f_m\":\"\",\"lundi_o_s\":\"18:00\",\"lundi_f_s\":\"23:00\",\"mardi_o_s\":\"18:00\",\"mardi_f_s\":\"23:00\",\"mercredi_o_s\":\"18:00\",\"mercredi_f_s\":\"23:00\",\"jeudi_o_s\":\"18:00\",\"jeudi_f_s\":\"23:00\",\"vendredi_o_s\":\"18:00\",\"vendredi_f_s\":\"23:00\",\"samedi_o_s\":\"18:00\",\"samedi_f_s\":\"23:00\",\"dimanche_o_s\":\"\",\"dimanche_f_s\":\"\"}');

-- --------------------------------------------------------

--
-- Structure de la table `produit`
--

CREATE TABLE `produit` (
  `id` int(11) NOT NULL,
  `categorie_id` int(11) NOT NULL,
  `nom` varchar(255) COLLATE utf8mb4_unicode_ci NOT NULL,
  `prix` double NOT NULL
) ENGINE=InnoDB DEFAULT CHARSET=utf8mb4 COLLATE=utf8mb4_unicode_ci;

--
-- Déchargement des données de la table `produit`
--

INSERT INTO `produit` (`id`, `categorie_id`, `nom`, `prix`) VALUES
(2, 1, 'Menu 1', 7),
(3, 4, 'Fanta', 2);

-- --------------------------------------------------------

--
-- Structure de la table `reservation`
--

CREATE TABLE `reservation` (
  `id` int(11) NOT NULL,
  `restaurant_id` int(11) NOT NULL,
  `service` varchar(40) COLLATE utf8mb4_unicode_ci NOT NULL,
  `horaire` varchar(255) COLLATE utf8mb4_unicode_ci NOT NULL,
  `nombre` int(11) NOT NULL,
  `date` date NOT NULL,
  `uuid` varchar(255) COLLATE utf8mb4_unicode_ci NOT NULL
) ENGINE=InnoDB DEFAULT CHARSET=utf8mb4 COLLATE=utf8mb4_unicode_ci;

--
-- Déchargement des données de la table `reservation`
--

INSERT INTO `reservation` (`id`, `restaurant_id`, `service`, `horaire`, `nombre`, `date`, `uuid`) VALUES
(16, 1, 'diner', '18:45', 7, '2021-08-07', 'ab0749c7-1835-4773-9122-dccd2a0aefad'),
(18, 518, 'dejeuner', '11:00', 2, '2021-07-24', 'a5883381-1cc9-4b72-a5e4-78d2c68f9641'),
(19, 1, 'dejeuner', '13:45', 2, '2021-07-28', '9c736877-55d2-4b1d-bb28-c9b0c13dd577'),
(20, 1, 'dejeuner', '14:45', 6, '2021-07-27', '6e1c82a5-d1e3-4f8d-837b-b066c0f7829d');

-- --------------------------------------------------------

--
-- Structure de la table `restaurants`
--

CREATE TABLE `restaurants` (
  `id` int(11) NOT NULL,
  `nom` varchar(255) COLLATE utf8mb4_unicode_ci NOT NULL,
  `addresse` varchar(255) COLLATE utf8mb4_unicode_ci NOT NULL,
  `ville` varchar(255) COLLATE utf8mb4_unicode_ci NOT NULL,
  `specialite` varchar(255) COLLATE utf8mb4_unicode_ci NOT NULL,
  `date_deb_conge` date DEFAULT NULL,
  `date_fin_conge` date DEFAULT NULL,
  `reservation_en_ligne` tinyint(1) NOT NULL,
  `commande_en_ligne` tinyint(1) NOT NULL,
  `envoi_sms` tinyint(1) NOT NULL,
  `photo` varchar(255) COLLATE utf8mb4_unicode_ci DEFAULT NULL,
  `nom_gerant` varchar(255) COLLATE utf8mb4_unicode_ci DEFAULT NULL,
  `telephone_gerant` varchar(255) COLLATE utf8mb4_unicode_ci DEFAULT NULL,
  `email_gerant` varchar(255) COLLATE utf8mb4_unicode_ci DEFAULT NULL,
  `zip` varchar(255) COLLATE utf8mb4_unicode_ci NOT NULL
) ENGINE=InnoDB DEFAULT CHARSET=utf8mb4 COLLATE=utf8mb4_unicode_ci;

--
-- Déchargement des données de la table `restaurants`
--

INSERT INTO `restaurants` (`id`, `nom`, `addresse`, `ville`, `specialite`, `date_deb_conge`, `date_fin_conge`, `reservation_en_ligne`, `commande_en_ligne`, `envoi_sms`, `photo`, `nom_gerant`, `telephone_gerant`, `email_gerant`, `zip`) VALUES
(1, 'Ag Les Halles', '14 rue Mondetour', 'Paris 01', 'Cuisine Française', NULL, NULL, 1, 1, 0, 'dfsdfsf.png', '', NULL, NULL, '31100'),
(2, 'Bistrot Du 1Er', '95 rue Saint Honore', 'Paris 01', 'Cuisine Française', NULL, NULL, 0, 0, 0, NULL, '', NULL, NULL, ''),
(3, 'Bistrot Richelieu', '45 rue de Richelieu', 'Paris 01', 'Cuisine Française', NULL, NULL, 0, 0, 0, NULL, '', NULL, NULL, ''),
(4, 'Cake Shop', '251 rue Saint Honore', 'Paris 01', 'Cuisine Française', NULL, NULL, 0, 0, 0, NULL, '', NULL, NULL, ''),
(5, 'Chez Vong', '10 rue de la Grande Truanderie', 'Paris 01', 'Cuisine Française', NULL, NULL, 0, 0, 0, NULL, '', NULL, NULL, ''),
(6, 'Fresh Noodle', '23 rue Saint Denis', 'Paris 01', 'Cuisine Française', NULL, NULL, 0, 0, 0, NULL, '', NULL, NULL, ''),
(7, 'Fromagerie Danard', '5 rue du Colonel Driant', 'Paris 01', 'Cuisine Française', NULL, NULL, 0, 0, 0, NULL, '', NULL, NULL, ''),
(8, 'Fusion', '9 rue Moliere', 'Paris 01', 'Cuisine Française', NULL, NULL, 0, 0, 0, NULL, '', NULL, NULL, ''),
(9, 'Hao Long', '36 rue de Richelieu', 'Paris 01', 'Cuisine Française', NULL, NULL, 0, 0, 0, NULL, '', NULL, NULL, ''),
(10, 'Happy Caffe', '214 rue de Rivoli', 'Paris 01', 'Cuisine Française', NULL, NULL, 0, 0, 0, NULL, '', NULL, NULL, ''),
(11, 'Juveniles Wine Bar', '47 rue de Richelieu', 'Paris 01', 'Cuisine Française', NULL, NULL, 0, 0, 0, NULL, '', NULL, NULL, ''),
(12, 'Kei', '5 rue Coq Heron', 'Paris 01', 'Cuisine Française', NULL, NULL, 0, 0, 0, NULL, '', NULL, NULL, ''),
(13, 'La Poule Au Pot', '9 rue Vauvilliers', 'Paris 01', 'Cuisine Française', NULL, NULL, 0, 0, 0, NULL, '', NULL, NULL, ''),
(14, 'Lai Lai Ken', '7 rue Sainte Anne', 'Paris 01', 'Cuisine Française', NULL, NULL, 0, 0, 0, NULL, '', NULL, NULL, ''),
(15, 'Le Grand Vefour', '17 rue de Beaujolais', 'Paris 01', 'Cuisine Française', NULL, NULL, 0, 0, 0, NULL, 'swen', '0618267527', 'sw@gmail.com', ''),
(16, 'Le Soufflé', '36 rue du Mont Thabor', 'Paris 01', 'Cuisine Française', NULL, NULL, 0, 0, 0, NULL, '', NULL, NULL, ''),
(17, 'Les Convives', '5 rue du 29 Juillet', 'Paris 01', 'Cuisine Française', NULL, NULL, 0, 0, 0, NULL, '', NULL, NULL, ''),
(18, 'Les Pates Vivantes', '3 rue de Turbigo', 'Paris 01', 'Cuisine Asiatique', NULL, NULL, 0, 0, 0, NULL, '', NULL, NULL, ''),
(19, 'Palais Royal Hong Kong', '3 rue Jean Jacques Rousseau', 'Paris 01', 'Cuisine Asiatique', NULL, NULL, 0, 0, 0, NULL, '', NULL, NULL, ''),
(20, 'Pirouette', '5 rue Mondetour', 'Paris 01', 'Cuisine Asiatique', NULL, NULL, 0, 0, 0, NULL, '', NULL, NULL, ''),
(21, 'Ravioli Nord Est', '115 rue Saint Denis', 'Paris 01', 'Cuisine Asiatique', NULL, NULL, 0, 0, 0, NULL, '', NULL, NULL, ''),
(22, 'Restaurant Du Palais Royal', '110 galerie De Valois', 'Paris 01', 'Cuisine Asiatique', NULL, NULL, 0, 0, 0, NULL, '', NULL, NULL, ''),
(23, 'Restaurant Shanghai', '4 rue Perrault', 'Paris 01', 'Cuisine Asiatique', NULL, NULL, 0, 0, 0, NULL, '', NULL, NULL, ''),
(24, 'Spring', '6 rue Bailleul', 'Paris 01', 'Cuisine Asiatique', NULL, NULL, 0, 0, 0, NULL, '', NULL, NULL, ''),
(25, 'Sur Mesure', '251 rue Saint Honore', 'Paris 01', 'Cuisine Asiatique', NULL, NULL, 0, 0, 0, NULL, '', NULL, NULL, ''),
(26, 'Tao Asian Fusion', '6 rue Saint Denis', 'Paris 01', 'Cuisine Asiatique', NULL, NULL, 0, 0, 0, NULL, '', NULL, NULL, ''),
(27, 'Taokan Saint-Honoré', '1 rue du Mont Thabor', 'Paris 01', 'Cuisine Asiatique', NULL, NULL, 0, 0, 0, NULL, '', NULL, NULL, ''),
(28, 'Verjus', '52 rue de Richelieu', 'Paris 01', 'Cuisine Asiatique', NULL, NULL, 0, 0, 0, NULL, '', NULL, NULL, ''),
(29, 'Zébulon Palais Royal', '10 rue de Richelieu', 'Paris 01', 'Cuisine Asiatique', NULL, NULL, 0, 0, 0, NULL, '', NULL, NULL, ''),
(30, 'King Marcel', '166 rue Montmartre', 'Paris 02', 'Cuisine Française', NULL, NULL, 0, 0, 0, NULL, '', NULL, NULL, ''),
(31, 'Canard & Champagne', '57 passager des Panoramas', 'Paris 02', 'Cuisine Française', NULL, NULL, 0, 0, 0, NULL, '', NULL, NULL, ''),
(32, 'Le Saotico', '96 rue de Richelieu', 'Paris 02', 'Cuisine Française', NULL, NULL, 0, 0, 0, NULL, '', NULL, NULL, ''),
(33, 'Cuisine Et Dépendances', '91 rue de Cléry', 'Paris 02', 'Cuisine Française', NULL, NULL, 0, 0, 0, NULL, '', NULL, NULL, ''),
(34, 'Frenchie', '5 rue du Nil', 'Paris 02', 'Cuisine Française', NULL, NULL, 0, 0, 0, NULL, '', NULL, NULL, ''),
(35, 'Foodi Jia Ba Buay', '2 rue Du Nil', 'Paris 02', 'Cuisine Chinoise', NULL, NULL, 0, 0, 0, NULL, '', NULL, NULL, ''),
(36, 'Mardi Crepe Club', '137 rue Montmartre', 'Paris 02', 'Cuisine Française', NULL, NULL, 0, 0, 0, NULL, '', NULL, NULL, ''),
(37, 'Saturne', '17 rue Notre Dame des Victoires', 'Paris 02', 'Cuisine Française', NULL, NULL, 0, 0, 0, NULL, '', NULL, NULL, ''),
(38, 'Le Pont De Sichuan', '86 rue de Richelieu', 'Paris 02', 'Cuisine Asiatique', NULL, NULL, 0, 0, 0, NULL, '', NULL, NULL, ''),
(39, 'Meltin House', '15 boulevard Montmartre', 'Paris 02', 'Cuisine Asiatique', NULL, NULL, 0, 0, 0, NULL, '', NULL, NULL, ''),
(40, 'Buffet Sentier', '69 rue D\'Aboukir', 'Paris 02', 'Cuisine Asiatique', NULL, NULL, 0, 0, 0, NULL, '', NULL, NULL, ''),
(41, 'La Tour De Jade', '20 rue de la Michodière', 'Paris 02', 'Cuisine Asiatique', NULL, NULL, 0, 0, 0, NULL, '', NULL, NULL, ''),
(42, 'Zen Zoo', '2 rue Cherubini', 'Paris 02', 'Cuisine Asiatique', NULL, NULL, 0, 0, 0, NULL, '', NULL, NULL, ''),
(43, 'Fondue Factory', '183 rue Saint Denis', 'Paris 02', 'Cuisine Asiatique', NULL, NULL, 0, 0, 0, NULL, '', NULL, NULL, ''),
(44, 'Maison Dong', '36 rue Vivienne', 'Paris 02', 'Cuisine Asiatique', NULL, NULL, 0, 0, 0, NULL, '', NULL, NULL, ''),
(45, 'Yuxi', '21 rue Saint Augustin', 'Paris 02', 'Cuisine Asiatique', NULL, NULL, 0, 0, 0, NULL, '', NULL, NULL, ''),
(46, 'Opera Mandarin', '23 boulevard des Capucines', 'Paris 02', 'Cuisine Asiatique', NULL, NULL, 0, 0, 0, NULL, '', NULL, NULL, ''),
(47, 'Yi Ping', '42 rue Sainte Anne', 'Paris 02', 'Cuisine Asiatique', NULL, NULL, 0, 0, 0, NULL, '', NULL, NULL, ''),
(48, 'Paris Picnic', '16 rue Notre Dame de Nazareth', 'Paris 03', 'Cuisine Française', NULL, NULL, 0, 0, 0, NULL, '', NULL, NULL, ''),
(49, 'Auberge Nicolas Flamel', '51 rue de Montmorency', 'Paris 03', 'Cuisine Française', NULL, NULL, 0, 0, 0, NULL, '', NULL, NULL, ''),
(50, 'L\'Aller Retour', '5 rue Charles Francois Dupuis', 'Paris 03', 'Cuisine Française', NULL, NULL, 0, 0, 0, NULL, '', NULL, NULL, ''),
(51, 'La Bonne Cécile', '24 rue Notre Dame de Nazareth', 'Paris 03', 'Cuisine Française', NULL, NULL, 0, 0, 0, NULL, '', NULL, NULL, ''),
(52, 'Fermier Gourmet', '185 rue du Temple', 'Paris 03', 'Cuisine Française', NULL, NULL, 0, 0, 0, NULL, '', NULL, NULL, ''),
(53, 'Les Enfants Rouges', '9 rue de Beauce', 'Paris 03', 'Cuisine Française', NULL, NULL, 0, 0, 0, NULL, '', NULL, NULL, ''),
(54, 'Le Petit Marché', '9 rue de Béarn', 'Paris 03', 'Cuisine Française', NULL, NULL, 0, 0, 0, NULL, '', NULL, NULL, ''),
(55, 'Sybaris', '86 rue Des Archives', 'Paris 03', 'Cuisine Française', NULL, NULL, 0, 0, 0, NULL, '', NULL, NULL, ''),
(56, 'Pramil', '9 rue du Vertbois', 'Paris 03', 'Cuisine Française', NULL, NULL, 0, 0, 0, NULL, '', NULL, NULL, ''),
(57, 'Chez Robert Et Louise', '64 rue Vieille du Temple', 'Paris 03', 'Cuisine Française', NULL, NULL, 0, 0, 0, NULL, '', NULL, NULL, ''),
(58, 'Happy Nouilles', '95 rue Beaubourg', 'Paris 03', 'Cuisine Asiatique', NULL, NULL, 0, 0, 0, NULL, '', NULL, NULL, ''),
(59, 'Trois Fois Plus De Piment', '184 rue Saint Martin', 'Paris 03', 'Cuisine Asiatique', NULL, NULL, 0, 0, 0, NULL, '', NULL, NULL, ''),
(60, 'L’Art Du Ravioli', '33 rue au Maire', 'Paris 03', 'Cuisine Asiatique', NULL, NULL, 0, 0, 0, NULL, '', NULL, NULL, ''),
(61, 'Chez Shen', '39 rue au Maire', 'Paris 03', 'Cuisine Asiatique', NULL, NULL, 0, 0, 0, NULL, '', NULL, NULL, ''),
(62, 'Le Lac De L\'Ouest', '7 rue volta', 'Paris 03', 'Cuisine Asiatique', NULL, NULL, 0, 0, 0, NULL, '', NULL, NULL, ''),
(63, 'Iris', '183 rue Saint Martin', 'Paris 03', 'Cuisine Asiatique', NULL, NULL, 0, 0, 0, NULL, '', NULL, NULL, ''),
(64, 'Chez Xu', '9 rue Volta', 'Paris 03', 'Cuisine Asiatique', NULL, NULL, 0, 0, 0, NULL, '', NULL, NULL, ''),
(65, 'Kitchen Story', '15 rue au Maire', 'Paris 03', 'Cuisine Asiatique', NULL, NULL, 0, 0, 0, NULL, '', NULL, NULL, ''),
(66, 'Wen Zhou', '18 rue au Maire', 'Paris 03', 'Cuisine Asiatique', NULL, NULL, 0, 0, 0, NULL, '', NULL, NULL, ''),
(67, 'La Droguerie', '56 rue des Rosiers', 'Paris 04', 'Cuisine Française', NULL, NULL, 0, 0, 0, NULL, '', NULL, NULL, ''),
(68, 'Restaurant H', '13 rue Jean Beausire', 'Paris 04', 'Cuisine Française', NULL, NULL, 0, 0, 0, NULL, '', NULL, NULL, ''),
(69, 'L\'Alsacien', '6 rue Saint Bon', 'Paris 04', 'Cuisine Française', NULL, NULL, 0, 0, 0, NULL, '', NULL, NULL, ''),
(70, 'L\'Ange 20 Restaurant', '44 rue des Tournelles', 'Paris 04', 'Cuisine Française', NULL, NULL, 0, 0, 0, NULL, '', NULL, NULL, ''),
(71, 'Les Bougresses', '6 rue de Jarente', 'Paris 04', 'Cuisine Française', NULL, NULL, 0, 0, 0, NULL, '', NULL, NULL, ''),
(72, 'Bel Canto', '72 quai De L\'hotel De Ville', 'Paris 04', 'Cuisine Française', NULL, NULL, 0, 0, 0, NULL, '', NULL, NULL, ''),
(73, 'Au Bourguignon Du Marais', '52 rue Francois Miron', 'Paris 04', 'Cuisine Française', NULL, NULL, 0, 0, 0, NULL, '', NULL, NULL, ''),
(74, 'Bistrot De L\'Oulette', '38 rue des Tournelles', 'Paris 04', 'Cuisine Française', NULL, NULL, 0, 0, 0, NULL, '', NULL, NULL, ''),
(75, 'Le Coupe Gorge', '2 rue de la Coutellerie', 'Paris 04', 'Cuisine Française', NULL, NULL, 0, 0, 0, NULL, '', NULL, NULL, ''),
(76, 'Les Petites Bouchées', '4 rue du Roi de Sicile', 'Paris 04', 'Cuisine Française', NULL, NULL, 0, 0, 0, NULL, '', NULL, NULL, ''),
(77, 'Sorza', '51 rue Saint Louis', 'Paris 04', 'Cuisine Française', NULL, NULL, 0, 0, 0, NULL, '', NULL, NULL, ''),
(78, 'Pain Vin Fromage', '3 rue Geoffroy L Angevin', 'Paris 04', 'Cuisine Française', NULL, NULL, 0, 0, 0, NULL, '', NULL, NULL, ''),
(79, '4 Pat', '4 rue Saint Merri', 'Paris 04', 'Cuisine Française', NULL, NULL, 0, 0, 0, NULL, '', NULL, NULL, ''),
(80, 'Monjul', '28 rue des Blancs Manteaux', 'Paris 04', 'Cuisine Française', NULL, NULL, 0, 0, 0, NULL, '', NULL, NULL, ''),
(81, 'Les Fous De L\'Île', '33 rue des deux ponts', 'Paris 04', 'Cuisine Française', NULL, NULL, 0, 0, 0, NULL, '', NULL, NULL, ''),
(82, 'Au Bougnat', '26 rue Chanoinesse', 'Paris 04', 'Cuisine Française', NULL, NULL, 0, 0, 0, NULL, '', NULL, NULL, ''),
(83, 'Le Colimaçon', '44 rue Vieille du Temple', 'Paris 04', 'Cuisine Française', NULL, NULL, 0, 0, 0, NULL, '', NULL, NULL, ''),
(84, 'Rainettes', '5 rue Caron', 'Paris 04', 'Cuisine Française', NULL, NULL, 0, 0, 0, NULL, '', NULL, NULL, ''),
(85, 'Le Celeste Gourmand', '8 rue de la Tacherie', 'Paris 04', 'Cuisine Asiatique', NULL, NULL, 0, 0, 0, NULL, '', NULL, NULL, ''),
(86, 'Chez Tsou', '16 rue des Archives', 'Paris 04', 'Cuisine Asiatique', NULL, NULL, 0, 0, 0, NULL, '', NULL, NULL, ''),
(87, 'Delice House', '81 rue Saint Antoine', 'Paris 04', 'Cuisine Asiatique', NULL, NULL, 0, 0, 0, NULL, '', NULL, NULL, ''),
(88, 'Alliance', '5 rue de Poissy', 'Paris 05', 'Cuisine Française', NULL, NULL, 0, 0, 0, NULL, '', NULL, NULL, ''),
(89, 'Restaurant L\'Initial', '9 rue de Bievre', 'Paris 05', 'Cuisine Française', NULL, NULL, 0, 0, 0, NULL, '', NULL, NULL, ''),
(90, 'Les Papilles', '30 rue Gay Lussac', 'Paris 05', 'Cuisine Française', NULL, NULL, 0, 0, 0, NULL, '', NULL, NULL, ''),
(91, 'Les Trublions', '34 rue de la Montagne Sainte Geneviève', 'Paris 05', 'Cuisine Française', NULL, NULL, 0, 0, 0, NULL, '', NULL, NULL, ''),
(92, 'Sola', '12 rue de l\'Hotel Colbert', 'Paris 05', 'Cuisine Française', NULL, NULL, 0, 0, 0, NULL, '', NULL, NULL, ''),
(93, 'Académie De La Bière', '88 boulevard de Port Royal', 'Paris 05', 'Cuisine Française', NULL, NULL, 0, 0, 0, NULL, '', NULL, NULL, ''),
(94, 'Le Tournebièvre', '65 quai de la Tournelle', 'Paris 05', 'Cuisine Française', NULL, NULL, 0, 0, 0, NULL, '', NULL, NULL, ''),
(95, 'Comme Chai Toi - Notre Dame', '13 quai de Montebello', 'Paris 05', 'Cuisine Française', NULL, NULL, 0, 0, 0, NULL, '', NULL, NULL, ''),
(96, 'La Table De Genevieve', '8 rue Descartes', 'Paris 05', 'Cuisine Française', NULL, NULL, 0, 0, 0, NULL, '', NULL, NULL, ''),
(97, 'Sourire Tapas Françaises', '27 rue Galande', 'Paris 05', 'Cuisine Française', NULL, NULL, 0, 0, 0, NULL, '', NULL, NULL, ''),
(98, 'Bonvivant', '7 rue des ecoles', 'Paris 05', 'Cuisine Française', NULL, NULL, 0, 0, 0, NULL, '', NULL, NULL, ''),
(99, 'Le Petit Pontoise', '9 rue de Pontoise', 'Paris 05', 'Cuisine Française', NULL, NULL, 0, 0, 0, NULL, '', NULL, NULL, ''),
(100, 'Le Vent D\'Armor', '25 quai De La Tournelle', 'Paris 05', 'Cuisine Française', NULL, NULL, 0, 0, 0, NULL, '', NULL, NULL, ''),
(101, 'Le Resto', '8 rue Tournefort', 'Paris 05', 'Cuisine Française', NULL, NULL, 0, 0, 0, NULL, '', NULL, NULL, ''),
(102, 'Le Petit Chatelet', '39 rue de la Bucherie', 'Paris 05', 'Cuisine Française', NULL, NULL, 0, 0, 0, NULL, '', NULL, NULL, ''),
(103, 'Au Bon Coin', '21 rue de la Collegiale', 'Paris 05', 'Cuisine Française', NULL, NULL, 0, 0, 0, NULL, '', NULL, NULL, ''),
(104, 'Le Buisson Ardent', '25 rue Jussieu', 'Paris 05', 'Cuisine Française', NULL, NULL, 0, 0, 0, NULL, '', NULL, NULL, ''),
(105, 'Itineraires', '5 rue de Pontoise', 'Paris 05', 'Cuisine Française', NULL, NULL, 0, 0, 0, NULL, '', NULL, NULL, ''),
(106, 'La Maison De Verlaine', '39 rue Descartes', 'Paris 05', 'Cuisine Française', NULL, NULL, 0, 0, 0, NULL, '', NULL, NULL, ''),
(107, 'Le Coupe-Chou', '11 rue de Lanneau', 'Paris 05', 'Cuisine Française', NULL, NULL, 0, 0, 0, NULL, '', NULL, NULL, ''),
(108, 'La Maison Du Dim Sum', '4 rue des Fossés Saint Jacques', 'Paris 05', 'Cuisine Asiatique', NULL, NULL, 0, 0, 0, NULL, '', NULL, NULL, ''),
(109, 'Mirama', '17 rue Saint Jacques', 'Paris 05', 'Cuisine Asiatique', NULL, NULL, 0, 0, 0, NULL, '', NULL, NULL, ''),
(110, 'Chez Ann', '36 rue Mouffetard', 'Paris 05', 'Cuisine Asiatique', NULL, NULL, 0, 0, 0, NULL, '', NULL, NULL, ''),
(111, 'La Muraille Du Phenix', '179 rue Saint Jacques', 'Paris 05', 'Cuisine Asiatique', NULL, NULL, 0, 0, 0, NULL, '', NULL, NULL, ''),
(112, 'Ton Hon', '17 rue Royer Collard', 'Paris 05', 'Cuisine Asiatique', NULL, NULL, 0, 0, 0, NULL, '', NULL, NULL, ''),
(113, 'Asia Room', '16 rue des Ecoles', 'Paris 05', 'Cuisine Asiatique', NULL, NULL, 0, 0, 0, NULL, '', NULL, NULL, ''),
(114, 'Le Madarin Sorbonne', '18 rue Cujas', 'Paris 05', 'Cuisine Asiatique', NULL, NULL, 0, 0, 0, NULL, '', NULL, NULL, ''),
(115, 'Le Lac De L\'Ouest', '7 rue de la Harpe', 'Paris 05', 'Cuisine Asiatique', NULL, NULL, 0, 0, 0, NULL, '', NULL, NULL, ''),
(116, 'Au Pays Du Sourire', '32 rue de Bièvre', 'Paris 05', 'Cuisine Asiatique', NULL, NULL, 0, 0, 0, NULL, '', NULL, NULL, ''),
(117, 'Le Palais De La Griserie', '13 rue Lagrange', 'Paris 05', 'Cuisine Asiatique', NULL, NULL, 0, 0, 0, NULL, '', NULL, NULL, ''),
(118, 'L\'Empire Celeste', '5 rue Royer Collard', 'Paris 05', 'Cuisine Asiatique', NULL, NULL, 0, 0, 0, NULL, '', NULL, NULL, ''),
(119, 'Au Palais Des Gobelins', '18 avenue des Gobelins', 'Paris 05', 'Cuisine Asiatique', NULL, NULL, 0, 0, 0, NULL, '', NULL, NULL, ''),
(120, 'Le Na', '48 rue Gay Lussac', 'Paris 05', 'Cuisine Asiatique', NULL, NULL, 0, 0, 0, NULL, '', NULL, NULL, ''),
(121, 'La Rose De Sommerard', '16 rue du Sommerard', 'Paris 05', 'Cuisine Asiatique', NULL, NULL, 0, 0, 0, NULL, '', NULL, NULL, ''),
(122, 'Festival Des Pates', '10 rue Toullier', 'Paris 05', 'Cuisine Asiatique', NULL, NULL, 0, 0, 0, NULL, '', NULL, NULL, ''),
(123, 'M&Y Savor', '11 rue Linné', 'Paris 05', 'Cuisine Asiatique', NULL, NULL, 0, 0, 0, NULL, '', NULL, NULL, ''),
(124, 'Boutary', '25 rue Mazarine', 'Paris 06', 'Cuisine Française', NULL, NULL, 0, 0, 0, NULL, '', NULL, NULL, ''),
(125, 'Bateau Le Calife', 'Amarré Port de Saints-Pères | Pont des Arts', 'Paris 06', 'Cuisine Française', NULL, NULL, 0, 0, 0, NULL, '', NULL, NULL, ''),
(126, 'Cezembre', '17 rue Gregoire de Tours', 'Paris 06', 'Cuisine Française', NULL, NULL, 0, 0, 0, NULL, '', NULL, NULL, ''),
(127, 'Invictus', '5 rue Sainte Beuve', 'Paris 06', 'Cuisine Française', NULL, NULL, 0, 0, 0, NULL, '', NULL, NULL, ''),
(128, 'La Cuisine De Philippe', '25 rue Servandoni', 'Paris 06', 'Cuisine Française', NULL, NULL, 0, 0, 0, NULL, '', NULL, NULL, ''),
(129, 'Restaurant Guy Savoy', '11 quai de Conti', 'Paris 06', 'Cuisine Française', NULL, NULL, 0, 0, 0, NULL, '', NULL, NULL, ''),
(130, 'Ze Kitchen Galerie', '4 rue Des Grands Augustins', 'Paris 06', 'Cuisine Française', NULL, NULL, 0, 0, 0, NULL, '', NULL, NULL, ''),
(131, 'Le Petit Littré', '16 rue Littre', 'Paris 06', 'Cuisine Française', NULL, NULL, 0, 0, 0, NULL, '', NULL, NULL, ''),
(132, 'La Jacobine', '59 rue Saint André des Arts', 'Paris 06', 'Cuisine Française', NULL, NULL, 0, 0, 0, NULL, '', NULL, NULL, ''),
(133, 'Chez Marcel', '7 rue Stanislas', 'Paris 06', 'Cuisine Française', NULL, NULL, 0, 0, 0, NULL, '', NULL, NULL, ''),
(134, 'Kitchen Galerie Bis', '25 rue des Grands Augustins', 'Paris 06', 'Cuisine Française', NULL, NULL, 0, 0, 0, NULL, '', NULL, NULL, ''),
(135, 'Kitchen Galerie Bis', '25 rue des Grands Augustins', 'Paris 06', 'Cuisine Française', NULL, NULL, 0, 0, 0, NULL, '', NULL, NULL, ''),
(136, 'L\'Avant Comptoir', '3 carrefour de L Odeon', 'Paris 06', 'Cuisine Française', NULL, NULL, 0, 0, 0, NULL, '', NULL, NULL, ''),
(137, 'Le Restaurant', '13 rue des Beaux Arts', 'Paris 06', 'Cuisine Française', NULL, NULL, 0, 0, 0, NULL, '', NULL, NULL, ''),
(138, 'Le Petit Medicis', '13 rue de Medicis', 'Paris 06', 'Cuisine Française', NULL, NULL, 0, 0, 0, NULL, '', NULL, NULL, ''),
(139, 'La Maison Du Jardin', '27 rue de Vaugirard', 'Paris 06', 'Cuisine Française', NULL, NULL, 0, 0, 0, NULL, '', NULL, NULL, ''),
(140, 'Le Christine', '1 rue Christine', 'Paris 06', 'Cuisine Française', NULL, NULL, 0, 0, 0, NULL, '', NULL, NULL, ''),
(141, 'Semilla', '54 rue de Seine', 'Paris 06', 'Cuisine Française', NULL, NULL, 0, 0, 0, NULL, '', NULL, NULL, ''),
(142, 'Le Bistrot D\'Henri', '16 rue Princesse', 'Paris 06', 'Cuisine Française', NULL, NULL, 0, 0, 0, NULL, '', NULL, NULL, ''),
(143, 'Chez Fernand', '13 rue Guisarde', 'Paris 06', 'Cuisine Française', NULL, NULL, 0, 0, 0, NULL, '', NULL, NULL, ''),
(144, 'La Ferrandaise', '8 rue de Vaugirard', 'Paris 06', 'Cuisine Française', NULL, NULL, 0, 0, 0, NULL, '', NULL, NULL, ''),
(145, 'Restaurant Sur La Braise', '19 rue Brea', 'Paris 06', 'Cuisine Française', NULL, NULL, 0, 0, 0, NULL, '', NULL, NULL, ''),
(146, 'My Noodles', '129 boulevard du Montparnasse', 'Paris 06', 'Cuisine Asiatique', NULL, NULL, 0, 0, 0, NULL, '', NULL, NULL, ''),
(147, 'Xin Gainian', '55 rue Dauphine', 'Paris 06', 'Cuisine Asiatique', NULL, NULL, 0, 0, 0, NULL, '', NULL, NULL, ''),
(148, 'Chez Tonton', '11 rue de la Grande Chaumiere', 'Paris 06', 'Cuisine Asiatique', NULL, NULL, 0, 0, 0, NULL, '', NULL, NULL, ''),
(149, 'La Muraille De Jade', '5 rue de l\'Ancienne Comedie', 'Paris 06', 'Cuisine Asiatique', NULL, NULL, 0, 0, 0, NULL, '', NULL, NULL, ''),
(150, 'Yoom', '5 rue Grégoire de Tours', 'Paris 06', 'Cuisine Asiatique', NULL, NULL, 0, 0, 0, NULL, '', NULL, NULL, ''),
(151, 'Le Wok Saint Germain', '45 rue Dauphine', 'Paris 06', 'Cuisine Asiatique', NULL, NULL, 0, 0, 0, NULL, '', NULL, NULL, ''),
(152, 'Taokan Saint-Germain', '8 rue du Sabot', 'Paris 06', 'Cuisine Asiatique', NULL, NULL, 0, 0, 0, NULL, '', NULL, NULL, ''),
(153, 'Le Canton', '5 rue Gozlin', 'Paris 06', 'Cuisine Asiatique', NULL, NULL, 0, 0, 0, NULL, '', NULL, NULL, ''),
(154, 'Tête À Tête', '53 boulevard du Montparnasse', 'Paris 06', 'Cuisine Asiatique', NULL, NULL, 0, 0, 0, NULL, '', NULL, NULL, ''),
(155, 'Rice & Noodle', '5 rue Littre', 'Paris 06', 'Cuisine Asiatique', NULL, NULL, 0, 0, 0, NULL, '', NULL, NULL, ''),
(156, 'Le Diamant Rose', '161 boulevard du Montparnasse', 'Paris 06', 'Cuisine Asiatique', NULL, NULL, 0, 0, 0, NULL, '', NULL, NULL, ''),
(157, 'Pagodon', '21 rue des Grands Augustins', 'Paris 06', 'Cuisine Asiatique', NULL, NULL, 0, 0, 0, NULL, '', NULL, NULL, ''),
(158, 'Le Mandarin', '5 rue de Montfaucon', 'Paris 06', 'Cuisine Asiatique', NULL, NULL, 0, 0, 0, NULL, '', NULL, NULL, ''),
(159, 'Bar 3', '3 rue de l Ancienne Comedie', 'Paris 06', 'Cuisine Asiatique', NULL, NULL, 0, 0, 0, NULL, '', NULL, NULL, ''),
(160, 'La Bonne Excuse', '48 rue de Verneuil', 'Paris 07', 'Cuisine Française', NULL, NULL, 0, 0, 0, NULL, '', NULL, NULL, ''),
(161, 'Bistrot Chez France', '9 rue Amélie', 'Paris 07', 'Cuisine Française', NULL, NULL, 0, 0, 0, NULL, '', NULL, NULL, ''),
(162, 'Au Bon Accueil', '14 rue de Monttessuy', 'Paris 07', 'Cuisine Française', NULL, NULL, 0, 0, 0, NULL, '', NULL, NULL, ''),
(163, 'Les Climats', '41 rue de Lille', 'Paris 07', 'Cuisine Française', NULL, NULL, 0, 0, 0, NULL, '', NULL, NULL, ''),
(164, 'Le Florimond', '19 avenue de la Motte Picquet', 'Paris 07', 'Cuisine Française', NULL, NULL, 0, 0, 0, NULL, '', NULL, NULL, ''),
(165, 'Restaurant Mariette', '24 rue Bosquet', 'Paris 07', 'Cuisine Française', NULL, NULL, 0, 0, 0, NULL, '', NULL, NULL, ''),
(166, 'Pottoka', '4 rue de l\' Exposition', 'Paris 07', 'Cuisine Française', NULL, NULL, 0, 0, 0, NULL, '', NULL, NULL, ''),
(167, 'Les Botanistes', '11 bis rue Chomel', 'Paris 07', 'Cuisine Française', NULL, NULL, 0, 0, 0, NULL, '', NULL, NULL, ''),
(168, 'Le P\'Tit Troquet', '28 rue de l Exposition', 'Paris 07', 'Cuisine Française', NULL, NULL, 0, 0, 0, NULL, '', NULL, NULL, ''),
(169, 'Pasco', '74 boulevard de la Tour Maubourg', 'Paris 07', 'Cuisine Française', NULL, NULL, 0, 0, 0, NULL, '', NULL, NULL, ''),
(170, 'Les Bateaux Parisiens', 'Port de la Bourdonnais', 'Paris 07', 'Cuisine Française', NULL, NULL, 0, 0, 0, NULL, '', NULL, NULL, ''),
(171, 'Le Violon D\'Ingres', '135 rue Saint Dominique', 'Paris 07', 'Cuisine Française', NULL, NULL, 0, 0, 0, NULL, '', NULL, NULL, ''),
(172, 'Les Antiquaires', '13 rue du Bac', 'Paris 07', 'Cuisine Française', NULL, NULL, 0, 0, 0, NULL, '', NULL, NULL, ''),
(173, 'La Fontaine De Mars', '129 rue Saint Dominique', 'Paris 07', 'Cuisine Française', NULL, NULL, 0, 0, 0, NULL, '', NULL, NULL, ''),
(174, '20 Eiffel', '20 rue De Monttessuy', 'Paris 07', 'Cuisine Française', NULL, NULL, 0, 0, 0, NULL, '', NULL, NULL, ''),
(175, 'Auberge Bressane', '16 avenue de la Motte Picquet', 'Paris 07', 'Cuisine Française', NULL, NULL, 0, 0, 0, NULL, '', NULL, NULL, ''),
(176, 'Café Varenne', '36 rue de Varenne', 'Paris 07', 'Cuisine Française', NULL, NULL, 0, 0, 0, NULL, '', NULL, NULL, ''),
(177, 'Le Petit Cler', '29 rue Cler', 'Paris 07', 'Cuisine Française', NULL, NULL, 0, 0, 0, NULL, '', NULL, NULL, ''),
(178, 'Auguste', '54 rue de Bourgogne', 'Paris 07', 'Cuisine Française', NULL, NULL, 0, 0, 0, NULL, '', NULL, NULL, ''),
(179, 'Lao Tseu', '209 boulevard Saint Germain', 'Paris 07', 'Cuisine Asiatique', NULL, NULL, 0, 0, 0, NULL, '', NULL, NULL, ''),
(180, 'Lily Wang', '40 avenue Duquesne', 'Paris 07', 'Cuisine Asiatique', NULL, NULL, 0, 0, 0, NULL, '', NULL, NULL, ''),
(181, 'Chez Ming', '6 rue de Monttessuy', 'Paris 07', 'Cuisine Asiatique', NULL, NULL, 0, 0, 0, NULL, '', NULL, NULL, ''),
(182, 'La Fontaine De Jade', '54 avenue Bosquet', 'Paris 07', 'Cuisine Asiatique', NULL, NULL, 0, 0, 0, NULL, '', NULL, NULL, ''),
(183, 'Le Grenelle De Pekin', '124 rue de Grenelle', 'Paris 07', 'Cuisine Asiatique', NULL, NULL, 0, 0, 0, NULL, '', NULL, NULL, ''),
(184, 'Hoi Chang', '19 rue Malar', 'Paris 07', 'Cuisine Asiatique', NULL, NULL, 0, 0, 0, NULL, '', NULL, NULL, ''),
(185, 'Le 114 Faubourg', '114 rue du Faubourg Saint Honore', 'Paris 08', 'Cuisine Française', NULL, NULL, 0, 0, 0, NULL, '', NULL, NULL, ''),
(186, 'Pierre Gagnaire', '6 rue Balzac', 'Paris 08', 'Cuisine Française', NULL, NULL, 0, 0, 0, NULL, '', NULL, NULL, ''),
(187, 'Le Taillevent', '15 rue Lamennais', 'Paris 08', 'Cuisine Française', NULL, NULL, 0, 0, 0, NULL, '', NULL, NULL, ''),
(188, 'Apicius', '20 rue d Artois', 'Paris 08', 'Cuisine Française', NULL, NULL, 0, 0, 0, NULL, '', NULL, NULL, ''),
(189, 'Le Boudoir', '25 rue du Colisée', 'Paris 08', 'Cuisine Française', NULL, NULL, 0, 0, 0, NULL, '', NULL, NULL, ''),
(190, 'Restaurant Lasserre', '17 Avenue Franklin Roosevelt', 'Paris 08', 'Cuisine Française', NULL, NULL, 0, 0, 0, NULL, '', NULL, NULL, ''),
(191, 'Le Boudoir', '25 rue du Colisée', 'Paris 08', 'Cuisine Française', NULL, NULL, 0, 0, 0, NULL, '', NULL, NULL, ''),
(192, 'Alléno Paris', ' 8 Avenue Dutuit', 'Paris 08', 'Cuisine Française', NULL, NULL, 0, 0, 0, NULL, '', NULL, NULL, ''),
(193, 'Les 110 De Taillevent', '195 rue du faubourg Saint-Honore', 'Paris 08', 'Cuisine Française', NULL, NULL, 0, 0, 0, NULL, '', NULL, NULL, ''),
(194, 'Le Grand Restaurant Jean François Piège', '7 rue d\'Aguesseau', 'Paris 08', 'Cuisine Française', NULL, NULL, 0, 0, 0, NULL, '', NULL, NULL, ''),
(195, 'Le Sens Unique', '47 rue de Ponthieu', 'Paris 08', 'Cuisine Française', NULL, NULL, 0, 0, 0, NULL, '', NULL, NULL, ''),
(196, 'Neva Cuisine', '2 rue de Berne', 'Paris 08', 'Cuisine Française', NULL, NULL, 0, 0, 0, NULL, '', NULL, NULL, ''),
(197, 'Buddha Bar', '8 rue Boissy D Anglas', 'Paris 08', 'Cuisine Asiatique', NULL, NULL, 0, 0, 0, NULL, '', NULL, NULL, ''),
(198, 'La Pate A Nouilles', '8 rue Castellane', 'Paris 08', 'Cuisine Asiatique', NULL, NULL, 0, 0, 0, NULL, '', NULL, NULL, ''),
(199, 'Village Ung', '10 rue Jean Mermoz', 'Paris 08', 'Cuisine Asiatique', NULL, NULL, 0, 0, 0, NULL, '', NULL, NULL, ''),
(200, 'Les Saveurs Du Mékong', '20 rue de l\'Arcade', 'Paris 08', 'Cuisine Asiatique', NULL, NULL, 0, 0, 0, NULL, '', NULL, NULL, ''),
(201, 'Diep', '55 rue Pierre Charron', 'Paris 08', 'Cuisine Asiatique', NULL, NULL, 0, 0, 0, NULL, '', NULL, NULL, ''),
(202, 'Kok Ping', '4 rue Balzac', 'Paris 08', 'Cuisine Asiatique', NULL, NULL, 0, 0, 0, NULL, '', NULL, NULL, ''),
(203, 'Chez Ly', '8 rue Lord Byron', 'Paris 08', 'Cuisine Asiatique', NULL, NULL, 0, 0, 0, NULL, '', NULL, NULL, ''),
(204, 'Traiteur Chez Yiyi', '34 rue de Ponthieu', 'Paris 08', 'Cuisine Asiatique', NULL, NULL, 0, 0, 0, NULL, '', NULL, NULL, ''),
(205, 'La Chine', '25 rue Vignon', 'Paris 08', 'Cuisine Asiatique', NULL, NULL, 0, 0, 0, NULL, '', NULL, NULL, ''),
(206, 'La Pivoine Chinoise', '47 rue de Berri', 'Paris 08', 'Cuisine Asiatique', NULL, NULL, 0, 0, 0, NULL, '', NULL, NULL, ''),
(207, 'Royal Paris Chez Ly', '5 rue des Saussaies', 'Paris 08', 'Cuisine Asiatique', NULL, NULL, 0, 0, 0, NULL, '', NULL, NULL, ''),
(208, 'Dragons Elysees', '11 rue de Berri', 'Paris 08', 'Cuisine Asiatique', NULL, NULL, 0, 0, 0, NULL, '', NULL, NULL, ''),
(209, 'Elysées Bonheur', '5 rue de Berri', 'Paris 08', 'Cuisine Asiatique', NULL, NULL, 0, 0, 0, NULL, '', NULL, NULL, ''),
(210, 'Lim\'S', '9 rue de Ponthieu', 'Paris 08', 'Cuisine Asiatique', NULL, NULL, 0, 0, 0, NULL, '', NULL, NULL, ''),
(211, 'Chez Diep', '22 rue de Ponthieu', 'Paris 08', 'Cuisine Asiatique', NULL, NULL, 0, 0, 0, NULL, '', NULL, NULL, ''),
(212, 'Restaurant Chez Ly', '25 rue la Boetie', 'Paris 08', 'Cuisine Asiatique', NULL, NULL, 0, 0, 0, NULL, '', NULL, NULL, ''),
(213, 'Aspic', '24 rue de la Tour d’Auvergne', 'Paris 09', 'Cuisine Française', NULL, NULL, 0, 0, 0, NULL, '', NULL, NULL, ''),
(214, 'Une Souris Et Des Hommes', '17 rue de Maubeuge', 'Paris 09', 'Cuisine Française', NULL, NULL, 0, 0, 0, NULL, '', NULL, NULL, ''),
(215, 'L\'Affineur\' Affiné', '51 rue Notre Dame de Lorette', 'Paris 09', 'Cuisine Française', NULL, NULL, 0, 0, 0, NULL, '', NULL, NULL, ''),
(216, 'Tous', '6 rue Lamartine', 'Paris 09', 'Cuisine Française', NULL, NULL, 0, 0, 0, NULL, '', NULL, NULL, ''),
(217, 'Midi 12', '12 rue La Fayette', 'Paris 09', 'Cuisine Française', NULL, NULL, 0, 0, 0, NULL, '', NULL, NULL, ''),
(218, 'Les Canailles', '25 rue La Bruyère', 'Paris 09', 'Cuisine Française', NULL, NULL, 0, 0, 0, NULL, '', NULL, NULL, ''),
(219, 'Atelier Rodier', '17 rue Rodier', 'Paris 09', 'Cuisine Française', NULL, NULL, 0, 0, 0, NULL, '', NULL, NULL, ''),
(220, 'Bien Eleve', '47 rue Richer', 'Paris 09', 'Cuisine Française', NULL, NULL, 0, 0, 0, NULL, '', NULL, NULL, ''),
(221, 'Mersea', '6 rue Faubourg Montmartre', 'Paris 09', 'Cuisine Française', NULL, NULL, 0, 0, 0, NULL, '', NULL, NULL, ''),
(222, 'Le Chenin', '33 rue le Peletier', 'Paris 09', 'Cuisine Française', NULL, NULL, 0, 0, 0, NULL, '', NULL, NULL, ''),
(223, 'A Côté', '16 rue La Fayette', 'Paris 09', 'Cuisine Française', NULL, NULL, 0, 0, 0, NULL, '', NULL, NULL, ''),
(224, 'Rouge Bis', '7 Place Blanche', 'Paris 09', 'Cuisine Française', NULL, NULL, 0, 0, 0, NULL, '', NULL, NULL, ''),
(225, 'Le Petit Canard', '19 rue Henry Monnier', 'Paris 09', 'Cuisine Française', NULL, NULL, 0, 0, 0, NULL, '', NULL, NULL, ''),
(226, 'Chez Max Et Nico', '6 rue de Trevise', 'Paris 09', 'Cuisine Française', NULL, NULL, 0, 0, 0, NULL, '', NULL, NULL, ''),
(227, 'Hugo', '12 rue Papillon', 'Paris 09', 'Cuisine Française', NULL, NULL, 0, 0, 0, NULL, '', NULL, NULL, ''),
(228, 'Mon Paris', '6 rue Edouard VII', 'Paris 09', 'Cuisine Française', NULL, NULL, 0, 0, 0, NULL, '', NULL, NULL, ''),
(229, 'Les Pinces Pigalle', '28 rue de Douai', 'Paris 09', 'Cuisine Française', NULL, NULL, 0, 0, 0, NULL, '', NULL, NULL, ''),
(230, 'Le Bon Georges', '45 rue Saint Georges', 'Paris 09', 'Cuisine Française', NULL, NULL, 0, 0, 0, NULL, '', NULL, NULL, ''),
(231, 'Les Saisons', '52 rue Lamartine', 'Paris 09', 'Cuisine Française', NULL, NULL, 0, 0, 0, NULL, '', NULL, NULL, ''),
(232, 'La Bontendrie', '9 rue de Trevise', 'Paris 09', 'Cuisine Française', NULL, NULL, 0, 0, 0, NULL, '', NULL, NULL, ''),
(233, 'Bourgogne Sud', '14 rue de Clichy', 'Paris 09', 'Cuisine Française', NULL, NULL, 0, 0, 0, NULL, '', NULL, NULL, ''),
(234, 'Vegebowl', '3 rue de la Boule Rouge', 'Paris 09', 'Cuisine Asiatique', NULL, NULL, 0, 0, 0, NULL, '', NULL, NULL, ''),
(235, 'Les Pates Vivantes', '46 rue du Faubourg Montmartre', 'Paris 09', 'Cuisine Asiatique', NULL, NULL, 0, 0, 0, NULL, '', NULL, NULL, ''),
(236, 'Mian Fan', '20 rue Mogador', 'Paris 09', 'Cuisine Asiatique', NULL, NULL, 0, 0, 0, NULL, '', NULL, NULL, ''),
(237, 'L\'Orient D\'Or', '22 rue de Trevise', 'Paris 09', 'Cuisine Asiatique', NULL, NULL, 0, 0, 0, NULL, '', NULL, NULL, ''),
(238, 'Tang Xuan', '56 rue La Fayette', 'Paris 09', 'Cuisine Asiatique', NULL, NULL, 0, 0, 0, NULL, '', NULL, NULL, ''),
(239, 'Autour Du Yangtse Opéra-La Fayette', '12 rue du Helder', 'Paris 09', 'Cuisine Asiatique', NULL, NULL, 0, 0, 0, NULL, '', NULL, NULL, ''),
(240, 'Le Pont De Yunnan', '15 rue Notre Dame de Lorette', 'Paris 09', 'Cuisine Asiatique', NULL, NULL, 0, 0, 0, NULL, '', NULL, NULL, ''),
(241, 'Les Raviolis De Grand Mere', '25 rue de Trevise', 'Paris 09', 'Cuisine Asiatique', NULL, NULL, 0, 0, 0, NULL, '', NULL, NULL, ''),
(242, 'Noodle King', '1 rue de la Grange Bateliere', 'Paris 09', 'Cuisine Asiatique', NULL, NULL, 0, 0, 0, NULL, '', NULL, NULL, ''),
(243, 'Parfums D\'Asie', '4 rue de Budapest', 'Paris 09', 'Cuisine Asiatique', NULL, NULL, 0, 0, 0, NULL, '', NULL, NULL, ''),
(244, 'Delices De Qingdao', '3 rue de Budapest', 'Paris 09', 'Cuisine Asiatique', NULL, NULL, 0, 0, 0, NULL, '', NULL, NULL, ''),
(245, 'Restaurant Shanxi', '17 rue Lamartine', 'Paris 09', 'Cuisine Asiatique', NULL, NULL, 0, 0, 0, NULL, '', NULL, NULL, ''),
(246, 'Yoom', '20 rue des Martyrs', 'Paris 09', 'Cuisine Asiatique', NULL, NULL, 0, 0, 0, NULL, '', NULL, NULL, ''),
(247, 'Carnet De Bord', '11 rue de Budapest', 'Paris 09', 'Cuisine Asiatique', NULL, NULL, 0, 0, 0, NULL, '', NULL, NULL, ''),
(248, 'Saveurs De Chengdu', '46 rue Richer', 'Paris 09', 'Cuisine Asiatique', NULL, NULL, 0, 0, 0, NULL, '', NULL, NULL, ''),
(249, 'Delice D\'Asia', '100 rue Blanche', 'Paris 09', 'Cuisine Asiatique', NULL, NULL, 0, 0, 0, NULL, '', NULL, NULL, ''),
(250, 'Chungking Express', '5 rue de la Tour D Auvergne', 'Paris 09', 'Cuisine Asiatique', NULL, NULL, 0, 0, 0, NULL, '', NULL, NULL, ''),
(251, 'Muqam', '36 rue de Trevise', 'Paris 09', 'Cuisine Asiatique', NULL, NULL, 0, 0, 0, NULL, '', NULL, NULL, ''),
(252, 'Wok Addict', '91 rue de la Victoire', 'Paris 09', 'Cuisine Asiatique', NULL, NULL, 0, 0, 0, NULL, '', NULL, NULL, ''),
(253, 'Fu Lai Pho & Thai', '43 rue Pierre Fontaine', 'Paris 09', 'Cuisine Asiatique', NULL, NULL, 0, 0, 0, NULL, '', NULL, NULL, ''),
(254, 'Carnet De Route', '57 rue du Faubourg Montmartre', 'Paris 09', 'Cuisine Asiatique', NULL, NULL, 0, 0, 0, NULL, '', NULL, NULL, ''),
(255, 'Pedzouille', '66 rue du Faubourg Poissonniere', 'Paris 10', 'Cuisine Française', NULL, NULL, 0, 0, 0, NULL, '', NULL, NULL, ''),
(256, 'La Petite Rose Des Sables', '6 rue de Lancry', 'Paris 10', 'Cuisine Française', NULL, NULL, 0, 0, 0, NULL, '', NULL, 'rosedessables@gmail.com', ''),
(257, 'Bistro Paradis', '55 rue de Paradis', 'Paris 10', 'Cuisine Française', NULL, NULL, 0, 0, 0, NULL, '', NULL, NULL, ''),
(258, 'Fraiche Restaurant', '8 rue Vicq D Azir', 'Paris 10', 'Cuisine Française', NULL, NULL, 0, 0, 0, NULL, '', NULL, NULL, ''),
(259, 'Les Rupins', '35 boulevard de Magenta', 'Paris 10', 'Cuisine Française', NULL, NULL, 0, 0, 0, NULL, '', NULL, NULL, ''),
(260, 'L\'Ardoise Gourmande', '12 rue de Belzunce', 'Paris 10', 'Cuisine Française', NULL, NULL, 0, 0, 0, NULL, '', NULL, NULL, ''),
(261, 'Le 52', '52 rue du Faubourg Saint Denis', 'Paris 10', 'Cuisine Française', NULL, NULL, 0, 0, 0, NULL, '', NULL, NULL, ''),
(262, 'Tien Hiang', '14 rue Bichat', 'Paris 10', 'Cuisine Asiatique', NULL, NULL, 0, 0, 0, NULL, '', NULL, NULL, ''),
(263, 'Chez Ann Rive Droite', '29 rue de l\' Echiquier', 'Paris 10', 'Cuisine Asiatique', NULL, NULL, 0, 0, 0, NULL, '', NULL, NULL, ''),
(264, 'Ravioli Chinois Nord Est', '11 rue Civiale', 'Paris 10', 'Cuisine Asiatique', NULL, NULL, 0, 0, 0, NULL, '', NULL, NULL, ''),
(265, 'Yikou', '49 rue de l Aquedu', 'Paris 10', 'Cuisine Asiatique', NULL, NULL, 0, 0, 0, NULL, '', NULL, NULL, ''),
(266, 'John Weng', '20 rue du Faubourg Poissonniere', 'Paris 10', 'Cuisine Asiatique', NULL, NULL, 0, 0, 0, NULL, '', NULL, NULL, ''),
(267, 'W For Wok', '12 rue des Petites Ecuries', 'Paris 10', 'Cuisine Asiatique', NULL, NULL, 0, 0, 0, NULL, '', NULL, NULL, ''),
(268, 'La Taverne De Zhao', '49 rue des Vinaigriers', 'Paris 10', 'Cuisine Asiatique', NULL, NULL, 0, 0, 0, NULL, '', NULL, NULL, ''),
(269, 'Chez Lin', '57 bis rue de Chabrol', 'Paris 10', 'Cuisine Asiatique', NULL, NULL, 0, 0, 0, NULL, '', NULL, NULL, ''),
(270, 'Kim Yang', '40 rue louis blanc', 'Paris 10', 'Cuisine Asiatique', NULL, NULL, 0, 0, 0, NULL, '', NULL, NULL, ''),
(271, 'Canton Hong Kong Festin De Chine', '7 rue Albert Camus', 'Paris 10', 'Cuisine Asiatique', NULL, NULL, 0, 0, 0, NULL, '', NULL, NULL, ''),
(272, 'Pho Miam', '50 boulevard de Magenta', 'Paris 10', 'Cuisine Asiatique', NULL, NULL, 0, 0, 0, NULL, '', NULL, NULL, ''),
(273, 'Lotus', '252 rue du Faubourg Saint Martin', 'Paris 10', 'Cuisine Asiatique', NULL, NULL, 0, 0, 0, NULL, '', NULL, NULL, ''),
(274, 'Jia He', '270 rue du Faubourg Saint Martin', 'Paris 10', 'Cuisine Asiatique', NULL, NULL, 0, 0, 0, NULL, '', NULL, NULL, ''),
(275, 'Le Chemise', '42 rue de Malte', 'Paris 11', 'Cuisine Française', NULL, NULL, 0, 0, 0, NULL, '', NULL, NULL, ''),
(276, 'Chez Imogene', '25 rue Jean Pierre Timbaud', 'Paris 11', 'Cuisine Française', NULL, NULL, 0, 0, 0, NULL, '', NULL, NULL, ''),
(277, 'Auberge Des Pyrenees Cevennes', '106 rue de la Folie Mericourt', 'Paris 11', 'Cuisine Française', NULL, NULL, 0, 0, 0, NULL, '', NULL, NULL, ''),
(278, 'Pierre Sang Atelier Gambey', '6 rue Gambey', 'Paris 11', 'Cuisine Française', NULL, NULL, 0, 0, 0, NULL, '', NULL, NULL, ''),
(279, 'L\'Acolyte De L\'Insolite', '49 rue de la Folie Mericourt', 'Paris 11', 'Cuisine Française', NULL, NULL, 0, 0, 0, NULL, '', NULL, NULL, ''),
(280, 'Pierre Sang In Oberkampf', '55 rue Oberkampf', 'Paris 11', 'Cuisine Française', NULL, NULL, 0, 0, 0, NULL, '', NULL, NULL, ''),
(281, 'Les Déserteurs', '46 rue Trousseau', 'Paris 11', 'Cuisine Française', NULL, NULL, 0, 0, 0, NULL, '', NULL, NULL, ''),
(282, 'Septime', '80 rue de Charonne', 'Paris 11', 'Cuisine Française', NULL, NULL, 0, 0, 0, NULL, '', NULL, NULL, ''),
(283, 'La Vache Acrobate', '77 rue Amelot', 'Paris 11', 'Cuisine Française', NULL, NULL, 0, 0, 0, NULL, '', NULL, NULL, ''),
(284, 'L\'Amijoté', '65 rue de Charonne', 'Paris 11', 'Cuisine Française', NULL, NULL, 0, 0, 0, NULL, '', NULL, NULL, ''),
(285, 'Loving Hut', '92 boulevard Beaumarchais', 'Paris 11', 'Cuisine Asiatique', NULL, NULL, 0, 0, 0, NULL, '', NULL, NULL, ''),
(286, 'Baan Thais', '101 rue de Montreuil', 'Paris 11', 'Cuisine Asiatique', NULL, NULL, 0, 0, 0, NULL, '', NULL, NULL, ''),
(287, 'Royal Charonne', '101 rue de Charonne', 'Paris 11', 'Cuisine Asiatique', NULL, NULL, 0, 0, 0, NULL, '', NULL, NULL, ''),
(288, 'Le Grand Bol', '7 rue de la Presentation', 'Paris 11', 'Cuisine Asiatique', NULL, NULL, 0, 0, 0, NULL, '', NULL, NULL, ''),
(289, 'Restaurant Auciel', '97 rue de Charonne', 'Paris 11', 'Cuisine Asiatique', NULL, NULL, 0, 0, 0, NULL, '', NULL, NULL, ''),
(290, 'Nouille', '1 rue Faidherbe', 'Paris 11', 'Cuisine Asiatique', NULL, NULL, 0, 0, 0, NULL, '', NULL, NULL, ''),
(291, 'Bao Bao', '4 rue Alexandre Dumas', 'Paris 11', 'Cuisine Asiatique', NULL, NULL, 0, 0, 0, NULL, '', NULL, NULL, ''),
(292, 'Restaurant Chez Wang', '15 rue Leon Frot', 'Paris 11', 'Cuisine Asiatique', NULL, NULL, 0, 0, 0, NULL, '', NULL, NULL, ''),
(293, 'Jiliya', '7 avenue Philippe Auguste', 'Paris 11', 'Cuisine Asiatique', NULL, NULL, 0, 0, 0, NULL, '', NULL, NULL, ''),
(294, 'Hakka Home', '3 rue Voltaire', 'Paris 11', 'Cuisine Asiatique', NULL, NULL, 0, 0, 0, NULL, '', NULL, NULL, ''),
(295, 'Le Festin', '9 rue Saint Sabin', 'Paris 11', 'Cuisine Asiatique', NULL, NULL, 0, 0, 0, NULL, '', NULL, NULL, ''),
(296, 'Auberge D\'Asie', '19 avenue de la Republique', 'Paris 11', 'Cuisine Asiatique', NULL, NULL, 0, 0, 0, NULL, '', NULL, NULL, ''),
(297, 'Deux Fois Plus De Piment', '33 rue Saint Sebastien', 'Paris 11', 'Cuisine Asiatique', NULL, NULL, 0, 0, 0, NULL, '', NULL, NULL, ''),
(298, 'Le Wok', '23 rue des Taillandiers', 'Paris 11', 'Cuisine Asiatique', NULL, NULL, 0, 0, 0, NULL, '', NULL, NULL, ''),
(299, 'Fong Lai', '24 rue Jean Pierre Timbaud', 'Paris 11', 'Cuisine Asiatique', NULL, NULL, 0, 0, 0, NULL, '', NULL, NULL, ''),
(300, '21G Dumpling', '167 rue du Faubourg Saint Antoine', 'Paris 11', 'Cuisine Asiatique', NULL, NULL, 0, 0, 0, NULL, '', NULL, NULL, ''),
(301, 'Cantine Nanchang', '143 rue de Charonne', 'Paris 11', 'Cuisine Asiatique', NULL, NULL, 0, 0, 0, NULL, '', NULL, NULL, ''),
(302, 'Tin Tin', '17 rue Louis Bonnet', 'Paris 11', 'Cuisine Asiatique', NULL, NULL, 0, 0, 0, NULL, '', NULL, NULL, ''),
(303, 'La Maison Pourpre', '13 rue Louis Bonnet', 'Paris 11', 'Cuisine Asiatique', NULL, NULL, 0, 0, 0, NULL, '', NULL, NULL, ''),
(304, 'L\'Aubergeade', '17 rue Chaligny', 'Paris 12', 'Cuisine Française', NULL, NULL, 0, 0, 0, NULL, '', NULL, NULL, ''),
(305, 'Le Baron Rouge', '1 rue Theophile Roussel', 'Paris 12', 'Cuisine Française', NULL, NULL, 0, 0, 0, NULL, '', NULL, NULL, ''),
(306, 'L\'Ebauchoir', '43 rue Citeaux', 'Paris 12', 'Cuisine Française', NULL, NULL, 0, 0, 0, NULL, '', NULL, NULL, ''),
(307, 'Les Embruns', '8 rue de Lyon', 'Paris 12', 'Cuisine Française', NULL, NULL, 0, 0, 0, NULL, '', NULL, NULL, ''),
(308, 'A La Biche Au Bois', '45 avenue Ledru-Rollin', 'Paris 12', 'Cuisine Française', NULL, NULL, 0, 0, 0, NULL, '', NULL, NULL, ''),
(309, 'Le Picotin', '35 rue Sibuet', 'Paris 12', 'Cuisine Française', NULL, NULL, 0, 0, 0, NULL, '', NULL, NULL, ''),
(310, 'La Promenade', '32 avenue Daumesnil', 'Paris 12', 'Cuisine Française', NULL, NULL, 0, 0, 0, NULL, '', NULL, NULL, ''),
(311, 'L\'Alchimiste', '181 rue de Charenton', 'Paris 12', 'Cuisine Française', NULL, NULL, 0, 0, 0, NULL, '', NULL, NULL, ''),
(312, 'Végé\'Saveurs', '29 rue de Charenton', 'Paris 12', 'Cuisine Asiatique', NULL, NULL, 0, 0, 0, NULL, '', NULL, NULL, ''),
(313, 'Le China', '50 rue de Charenton', 'Paris 12', 'Cuisine Asiatique', NULL, NULL, 0, 0, 0, NULL, '', NULL, NULL, ''),
(314, 'Quatre Amis', '29 rue de Charenton', 'Paris 12', 'Cuisine Asiatique', NULL, NULL, 0, 0, 0, NULL, '', NULL, NULL, ''),
(315, 'Les Jardins De Mandchourie', '32 allee Vivaldi', 'Paris 12', 'Cuisine Asiatique', NULL, NULL, 0, 0, 0, NULL, '', NULL, NULL, ''),
(316, 'Le Lys D\'Or', '2 rue Chaligny', 'Paris 12', 'Cuisine Asiatique', NULL, NULL, 0, 0, 0, NULL, '', NULL, NULL, ''),
(317, 'Bao Wong', '68 boulevard de Picpus', 'Paris 12', 'Cuisine Asiatique', NULL, NULL, 0, 0, 0, NULL, '', NULL, NULL, ''),
(318, 'La Tour Des Souhaits', '7 rue de Lyon', 'Paris 12', 'Cuisine Asiatique', NULL, NULL, 0, 0, 0, NULL, '', NULL, NULL, ''),
(319, 'Starwok', '102 rue de Bercy', 'Paris 12', 'Cuisine Asiatique', NULL, NULL, 0, 0, 0, NULL, '', NULL, NULL, ''),
(320, 'La Table Ronde', '46 rue Jacques Hillairet', 'Paris 12', 'Cuisine Asiatique', NULL, NULL, 0, 0, 0, NULL, '', NULL, NULL, ''),
(321, 'Royal Tching Tao', '8 avenue du Bel Air', 'Paris 12', 'Cuisine Asiatique', NULL, NULL, 0, 0, 0, NULL, '', NULL, NULL, ''),
(322, 'Chez Guan', '13 rue d Aligre', 'Paris 12', 'Cuisine Asiatique', NULL, NULL, 0, 0, 0, NULL, '', NULL, NULL, ''),
(323, 'Heng Yuan', '110 rue de Charenton', 'Paris 12', 'Cuisine Asiatique', NULL, NULL, 0, 0, 0, NULL, '', NULL, NULL, ''),
(324, 'Wok\'N Noodles', '86 quai de la Rapee', 'Paris 12', 'Cuisine Asiatique', NULL, NULL, 0, 0, 0, NULL, '', NULL, NULL, ''),
(325, 'Mei Xi', '54 boulevard Diderot', 'Paris 12', 'Cuisine Asiatique', NULL, NULL, 0, 0, 0, NULL, '', NULL, NULL, ''),
(326, 'Gold Dragon', '54 avenue Daumesnil', 'Paris 12', 'Cuisine Asiatique', NULL, NULL, 0, 0, 0, NULL, '', NULL, NULL, ''),
(327, 'Il Etait Un Square', '54 rue Corvisart', 'Paris 13', 'Cuisine Française', NULL, NULL, 0, 0, 0, NULL, '', NULL, NULL, ''),
(328, 'Sourire Le Restaurant', '15 rue de la Santé', 'Paris 13', 'Cuisine Française', NULL, NULL, 0, 0, 0, NULL, '', NULL, NULL, ''),
(329, 'Chez Trassoudaine', '3 Place Nationale', 'Paris 13', 'Cuisine Française', NULL, NULL, 0, 0, 0, NULL, '', NULL, NULL, ''),
(330, 'Tempero', '5 rue Clisson', 'Paris 13', 'Cuisine Française', NULL, NULL, 0, 0, 0, NULL, '', NULL, NULL, ''),
(331, 'L\'Anthracite', '9 rue Jean Marie Jego', 'Paris 13', 'Cuisine Française', NULL, NULL, 0, 0, 0, NULL, '', NULL, NULL, ''),
(332, 'Lao Chaleune', '29 rue du Château des Rentiers', 'Paris 13', 'Cuisine Asiatique', NULL, NULL, 0, 0, 0, NULL, '', NULL, NULL, ''),
(333, 'Restaurant Chinois Di-Choulie A Paris', '11 rue Primatice', 'Paris 13', 'Cuisine Asiatique', NULL, NULL, 0, 0, 0, NULL, '', NULL, NULL, ''),
(334, 'Le Sarawan', '111 avenue d Ivry', 'Paris 13', 'Cuisine Asiatique', NULL, NULL, 0, 0, 0, NULL, '', NULL, NULL, ''),
(335, 'Tricotin', '15 avenue de Choisy', 'Paris 13', 'Cuisine Asiatique', NULL, NULL, 0, 0, 0, NULL, '', NULL, NULL, ''),
(336, '1 Pot', '161 avenue D\'Italie', 'Paris 13', 'Cuisine Asiatique', NULL, NULL, 0, 0, 0, NULL, '', NULL, NULL, ''),
(337, 'Le Restaurant Chinois', '33 rue Caillaux', 'Paris 13', 'Cuisine Asiatique', NULL, NULL, 0, 0, 0, NULL, '', NULL, NULL, ''),
(338, 'Au Bourgeon D\'Or', '201 avenue de Choisy', 'Paris 13', 'Cuisine Asiatique', NULL, NULL, 0, 0, 0, NULL, '', NULL, NULL, ''),
(339, 'Imperial Choisy', '32 avenue de Choisy', 'Paris 13', 'Cuisine Asiatique', NULL, NULL, 0, 0, 0, NULL, '', NULL, NULL, ''),
(340, 'Chez Van', '65 boulevard Saint Marcel', 'Paris 13', 'Cuisine Asiatique', NULL, NULL, 0, 0, 0, NULL, '', NULL, NULL, ''),
(341, 'Apsara Celeste', '41 avenue de Choisy', 'Paris 13', 'Cuisine Asiatique', NULL, NULL, 0, 0, 0, NULL, '', NULL, NULL, ''),
(342, 'Nouveau Village Tao-Tao', '159 boulevard Vincent Auriol', 'Paris 13', 'Cuisine Asiatique', NULL, NULL, 0, 0, 0, NULL, '', NULL, NULL, ''),
(343, 'Hawai Ivry', '87 avenue D\'Ivry', 'Paris 13', 'Cuisine Asiatique', NULL, NULL, 0, 0, 0, NULL, '', NULL, NULL, ''),
(344, 'Hao Hao', '23 avenue de Choisy', 'Paris 13', 'Cuisine Asiatique', NULL, NULL, 0, 0, 0, NULL, '', NULL, NULL, ''),
(345, 'Au Delice De Confucius', '68 boulevard de l\'Hopital', 'Paris 13', 'Cuisine Asiatique', NULL, NULL, 0, 0, 0, NULL, '', NULL, NULL, ''),
(346, 'Boubou', '64 rue de Tolbiac', 'Paris 13', 'Cuisine Asiatique', NULL, NULL, 0, 0, 0, NULL, '', NULL, NULL, ''),
(347, 'Sunny Sushi', '189 rue De Tolbiac', 'Paris 13', 'Cuisine Asiatique', NULL, NULL, 0, 0, 0, NULL, '', NULL, NULL, ''),
(348, 'Jin Xin Lou Paris', '63 rue de l Amiral Mouchez', 'Paris 13', 'Cuisine Asiatique', NULL, NULL, 0, 0, 0, NULL, '', NULL, NULL, ''),
(349, 'Chinatown Olympiades', '44 avenue d\'Ivry', 'Paris 13', 'Cuisine Asiatique', NULL, NULL, 0, 0, 0, NULL, '', NULL, NULL, ''),
(350, 'Chez Yong', '72 rue de la Colonie', 'Paris 13', 'Cuisine Asiatique', NULL, NULL, 0, 0, 0, NULL, '', NULL, NULL, ''),
(351, 'Fleurs De Mai', '61 avenue de Choisy', 'Paris 13', 'Cuisine Asiatique', NULL, NULL, 0, 0, 0, NULL, '', NULL, NULL, ''),
(352, 'La Mangue Verte', '100 avenue d Ivry', 'Paris 13', 'Cuisine Asiatique', NULL, NULL, 0, 0, 0, NULL, '', NULL, NULL, ''),
(353, 'Le Phenix', '29 rue de Campo Formio', 'Paris 13', 'Cuisine Asiatique', NULL, NULL, 0, 0, 0, NULL, '', NULL, NULL, ''),
(354, 'Likafo', '39 avenue de Choisy', 'Paris 13', 'Cuisine Asiatique', NULL, NULL, 0, 0, 0, NULL, '', NULL, NULL, ''),
(355, '0 D\'Attente', '55 boulevard Saint Marcel', 'Paris 13', 'Cuisine Asiatique', NULL, NULL, 0, 0, 0, NULL, '', NULL, NULL, ''),
(356, 'La Table Du Ramen', '129 bis avenue de Choisy', 'Paris 13', 'Cuisine Asiatique', NULL, NULL, 0, 0, 0, NULL, '', NULL, NULL, ''),
(357, 'Palais D\'Asie', '93 avenue d Ivry', 'Paris 13', 'Cuisine Asiatique', NULL, NULL, 0, 0, 0, NULL, '', NULL, NULL, ''),
(358, 'Delices Shandong', '88 boulevard de l Hopital', 'Paris 13', 'Cuisine Asiatique', NULL, NULL, 0, 0, 0, NULL, '', NULL, NULL, ''),
(359, 'Chez Mam', '10 rue Coypel', 'Paris 13', 'Cuisine Asiatique', NULL, NULL, 0, 0, 0, NULL, '', NULL, NULL, ''),
(360, 'Gourmet Gourmand', '3 boulevard Auguste Blanqui', 'Paris 13', 'Cuisine Asiatique', NULL, NULL, 0, 0, 0, NULL, '', NULL, NULL, ''),
(361, 'La Mer De Chine', '159 rue du Chateau des Rentiers', 'Paris 13', 'Cuisine Asiatique', NULL, NULL, 0, 0, 0, NULL, '', NULL, NULL, ''),
(362, 'Cobea', '11 rue Raymond Losserand', 'Paris 14', 'Cuisine Française', NULL, NULL, 0, 0, 0, NULL, '', NULL, NULL, ''),
(363, 'Bistrotters', '9 rue Decres', 'Paris 14', 'Cuisine Française', NULL, NULL, 0, 0, 0, NULL, '', NULL, NULL, ''),
(364, 'Le Jeroboam', '72 rue Didot', 'Paris 14', 'Cuisine Française', NULL, NULL, 0, 0, 0, NULL, '', NULL, NULL, ''),
(365, 'Le 14 Juillet', '99 rue Didot', 'Paris 14', 'Cuisine Française', NULL, NULL, 0, 0, 0, NULL, '', NULL, NULL, ''),
(366, 'Augustin Bistrot', '79 rue Daguerre', 'Paris 14', 'Cuisine Française', NULL, NULL, 0, 0, 0, NULL, '', NULL, NULL, ''),
(367, 'Bistrot Des Campagnes', '6 rue Léopold Robert', 'Paris 14', 'Cuisine Française', NULL, NULL, 0, 0, 0, NULL, '', NULL, NULL, ''),
(368, 'Creperie De Port-Manech', '52 rue du Montparnasse', 'Paris 14', 'Cuisine Française', NULL, NULL, 0, 0, 0, NULL, '', NULL, NULL, ''),
(369, 'La Cantine Du Troquet', '101 rue de l ouest', 'Paris 14', 'Cuisine Française', NULL, NULL, 0, 0, 0, NULL, '', NULL, NULL, ''),
(370, 'La Vie D\'Ange', '41 boulevard Saint Jacques', 'Paris 14', 'Cuisine Française', NULL, NULL, 0, 0, 0, NULL, '', NULL, NULL, ''),
(371, 'Le Petit Sommelier', '49 avenue du Maine', 'Paris 14', 'Cuisine Française', NULL, NULL, 0, 0, 0, NULL, '', NULL, NULL, ''),
(372, 'Comme Chez Soi', '19 rue de la Gaite', 'Paris 14', 'Cuisine Asiatique', NULL, NULL, 0, 0, 0, NULL, '', NULL, NULL, ''),
(373, 'Les Saveurs Du Sichuan', '34 rue Friant', 'Paris 14', 'Cuisine Asiatique', NULL, NULL, 0, 0, 0, NULL, '', NULL, NULL, ''),
(374, 'Mian Fan', '124 boulevard du Montparnasse', 'Paris 14', 'Cuisine Asiatique', NULL, NULL, 0, 0, 0, NULL, '', NULL, NULL, ''),
(375, 'La Table De Chine', '7 Place de Catalogne', 'Paris 14', 'Cuisine Asiatique', NULL, NULL, 0, 0, 0, NULL, '', NULL, NULL, ''),
(376, 'Au Petit Grain De Sel', '164 avenue du Maine', 'Paris 14', 'Cuisine Asiatique', NULL, NULL, 0, 0, 0, NULL, '', NULL, NULL, ''),
(377, 'Porte Du Bonheur', '12 rue du Maine', 'Paris 14', 'Cuisine Asiatique', NULL, NULL, 0, 0, 0, NULL, '', NULL, NULL, ''),
(378, 'Fire Town', '45 rue de La Gaité', 'Paris 14', 'Cuisine Asiatique', NULL, NULL, 0, 0, 0, NULL, '', NULL, NULL, ''),
(379, 'Asia Food', '142 avenue du Maine', 'Paris 14', 'Cuisine Asiatique', NULL, NULL, 0, 0, 0, NULL, '', NULL, NULL, ''),
(380, 'Chez Janny', '44 rue Beaunier', 'Paris 14', 'Cuisine Asiatique', NULL, NULL, 0, 0, 0, NULL, '', NULL, NULL, ''),
(381, 'Canard Doré', '62 rue Didot', 'Paris 14', 'Cuisine Asiatique', NULL, NULL, 0, 0, 0, NULL, '', NULL, NULL, ''),
(382, 'Top Sushi', '10 boulevard Brune', 'Paris 14', 'Cuisine Asiatique', NULL, NULL, 0, 0, 0, NULL, '', NULL, NULL, ''),
(383, 'Le Clos Y', '27 avenue du Maine', 'Paris 15', 'Cuisine Française', NULL, NULL, 0, 0, 0, NULL, '', NULL, NULL, ''),
(384, 'La Veraison', '64 rue de la Croix Nivert', 'Paris 15', 'Cuisine Française', NULL, NULL, 0, 0, 0, NULL, '', NULL, NULL, ''),
(385, 'Le Quinzième', '14 rue Cauchy', 'Paris 15', 'Cuisine Française', NULL, NULL, 0, 0, 0, NULL, '', NULL, NULL, ''),
(386, 'Le Cappiello', '59 rue Letellier', 'Paris 15', 'Cuisine Française', NULL, NULL, 0, 0, 0, NULL, '', NULL, NULL, ''),
(387, 'Le Volant', 'La Motte Picquet 13 rue Beatrix Dussane', 'Paris 15', 'Cuisine Française', NULL, NULL, 0, 0, 0, NULL, '', NULL, NULL, ''),
(388, 'Restaurant De La Tour', '6 rue Desaix', 'Paris 15', 'Cuisine Française', NULL, NULL, 0, 0, 0, NULL, '', NULL, NULL, ''),
(389, 'Le Casse Noix', '56 rue de la Federation', 'Paris 15', 'Cuisine Française', NULL, NULL, 0, 0, 0, NULL, '', NULL, NULL, ''),
(390, 'Le Pario', '54 avenue Emile Zola', 'Paris 15', 'Cuisine Française', NULL, NULL, 0, 0, 0, NULL, '', NULL, NULL, ''),
(391, 'Le Bélisaire', '2 rue Marmontel', 'Paris 15', 'Cuisine Française', NULL, NULL, 0, 0, 0, NULL, '', NULL, NULL, ''),
(392, 'Neige D\'Été', '12 rue de l Amiral Roussin', 'Paris 15', 'Cuisine Française', NULL, NULL, 0, 0, 0, NULL, '', NULL, NULL, ''),
(393, 'Crêperie Mad\'Eo', '14 rue de Cadix', 'Paris 15', 'Cuisine Française', NULL, NULL, 0, 0, 0, NULL, '', NULL, NULL, ''),
(394, 'Jia Yan', '5 rue Humblot', 'Paris 15', 'Cuisine Asiatique', NULL, NULL, 0, 0, 0, NULL, '', NULL, NULL, ''),
(395, 'Panasia', 'Centre commercial Beaugrenelle', 'Paris 15', 'Cuisine Asiatique', NULL, NULL, 0, 0, 0, NULL, '', NULL, NULL, '');
INSERT INTO `restaurants` (`id`, `nom`, `addresse`, `ville`, `specialite`, `date_deb_conge`, `date_fin_conge`, `reservation_en_ligne`, `commande_en_ligne`, `envoi_sms`, `photo`, `nom_gerant`, `telephone_gerant`, `email_gerant`, `zip`) VALUES
(396, 'Chez Fung', '32 rue Fremicourt', 'Paris 15', 'Cuisine Asiatique', NULL, NULL, 0, 0, 0, NULL, '', NULL, NULL, ''),
(397, 'Ji Bai He', '108 rue Olivier de Serres', 'Paris 15', 'Cuisine Asiatique', NULL, NULL, 0, 0, 0, NULL, '', NULL, NULL, ''),
(398, 'Restaurant Chen Soleil D\'Est', '15 rue du Theatre', 'Paris 15', 'Cuisine Asiatique', NULL, NULL, 0, 0, 0, NULL, '', NULL, NULL, ''),
(399, 'Le Granite', '19 rue Duranton', 'Paris 15', 'Cuisine Asiatique', NULL, NULL, 0, 0, 0, NULL, '', NULL, NULL, ''),
(400, 'Restaurant Andiamo', '36 rue Paul Barruel', 'Paris 15', 'Cuisine Asiatique', NULL, NULL, 0, 0, 0, NULL, '', NULL, NULL, ''),
(401, 'Saturne', '153 rue de Lourmel', 'Paris 15', 'Cuisine Asiatique', NULL, NULL, 0, 0, 0, NULL, '', NULL, NULL, ''),
(402, 'Ogimi', '38 rue Balard', 'Paris 15', 'Cuisine Asiatique', NULL, NULL, 0, 0, 0, NULL, '', NULL, NULL, ''),
(403, 'La Maison Du Bonheur', '33 rue des Volontaires', 'Paris 15', 'Cuisine Asiatique', NULL, NULL, 0, 0, 0, NULL, '', NULL, NULL, ''),
(404, 'Restaurant Étude', '14 rue du Bouquet de Longchamp', 'Paris 16', 'Cuisine Française', NULL, NULL, 0, 0, 0, NULL, '', NULL, NULL, ''),
(405, 'L\'Abeille', '10 avenue d Iena', 'Paris 16', 'Cuisine Française', NULL, NULL, 0, 0, 0, NULL, '', NULL, NULL, ''),
(406, 'Pop\'S', '38 rue du Ranelagh', 'Paris 16', 'Cuisine Française', NULL, NULL, 0, 0, 0, NULL, '', NULL, NULL, ''),
(407, 'Le Pavillon De La Grande Cascade', 'Allée de Longchamp', 'Paris 16', 'Cuisine Française', NULL, NULL, 0, 0, 0, NULL, '', NULL, NULL, ''),
(408, 'L\'Oiseau Blanc Restaurant', '19 avenue Kleber', 'Paris 16', 'Cuisine Française', NULL, NULL, 0, 0, 0, NULL, '', NULL, NULL, ''),
(409, 'Le Pré Catelan', 'route de Suresnes', 'Paris 16', 'Cuisine Française', NULL, NULL, 0, 0, 0, NULL, '', NULL, NULL, ''),
(410, 'Baagaa', '54 rue de Longchamp', 'Paris 16', 'Cuisine Française', NULL, NULL, 0, 0, 0, NULL, '', NULL, NULL, ''),
(411, 'La Gazette', '28 rue Duret', 'Paris 16', 'Cuisine Française', NULL, NULL, 0, 0, 0, NULL, '', NULL, NULL, ''),
(412, 'Les Tablettes Jean Louis Nomicos', '16 avenue Bugeaud', 'Paris 16', 'Cuisine Française', NULL, NULL, 0, 0, 0, NULL, '', NULL, NULL, ''),
(413, 'La Bauhinia', '10 avenue d\'Iena', 'Paris 16', 'Cuisine Française', NULL, NULL, 0, 0, 0, NULL, '', NULL, NULL, ''),
(414, 'Paul Chene', '123 rue lauriston', 'Paris 16', 'Cuisine Française', NULL, NULL, 0, 0, 0, NULL, '', NULL, NULL, ''),
(415, 'La Petite Tour', '11 rue de la Tour', 'Paris 16', 'Cuisine Française', NULL, NULL, 0, 0, 0, NULL, '', NULL, NULL, ''),
(416, 'Bistrot 31', '31 avenue Theophile Gautier', 'Paris 16', 'Cuisine Française', NULL, NULL, 0, 0, 0, NULL, '', NULL, NULL, ''),
(417, 'La Coincidence', '15 rue Mesnil', 'Paris 16', 'Cuisine Française', NULL, NULL, 0, 0, 0, NULL, '', NULL, NULL, ''),
(418, 'Le Recepteur', '3 avenue Theophile Gauthier', 'Paris 16', 'Cuisine Française', NULL, NULL, 0, 0, 0, NULL, '', NULL, NULL, ''),
(419, 'Les Marches', '5 rue de la Manutention', 'Paris 16', 'Cuisine Française', NULL, NULL, 0, 0, 0, NULL, '', NULL, NULL, ''),
(420, 'Shang Palace', '10 avenue d Iena', 'Paris 16', 'Cuisine Asiatique', NULL, NULL, 0, 0, 0, NULL, '', NULL, NULL, ''),
(421, 'Lili', '19 avenue Kléber', 'Paris 16', 'Cuisine Asiatique', NULL, NULL, 0, 0, 0, NULL, '', NULL, NULL, ''),
(422, 'Palais Du Bonheur', '131 rue Michel Ange', 'Paris 16', 'Cuisine Asiatique', NULL, NULL, 0, 0, 0, NULL, '', NULL, NULL, ''),
(423, 'La Belle Chine', '29 rue Copernic', 'Paris 16', 'Cuisine Asiatique', NULL, NULL, 0, 0, 0, NULL, '', NULL, NULL, ''),
(424, 'Tang', '125 rue de la Tour', 'Paris 16', 'Cuisine Asiatique', NULL, NULL, 0, 0, 0, NULL, '', NULL, NULL, ''),
(425, 'Elysees Hong Kong', '80 rue Michel Ange', 'Paris 16', 'Cuisine Asiatique', NULL, NULL, 0, 0, 0, NULL, '', NULL, NULL, ''),
(426, 'Chez Zhong', '69 avenue Kleber', 'Paris 16', 'Cuisine Asiatique', NULL, NULL, 0, 0, 0, NULL, '', NULL, NULL, ''),
(427, 'Le Pavillon De Jade', '19 boulevard Exelmans', 'Paris 16', 'Cuisine Asiatique', NULL, NULL, 0, 0, 0, NULL, '', NULL, NULL, ''),
(428, 'Cathay Palace', '14 rue Pierre Guerin', 'Paris 16', 'Cuisine Asiatique', NULL, NULL, 0, 0, 0, NULL, '', NULL, NULL, ''),
(429, 'Mandarin De Paris', '52 rue Lauriston', 'Paris 16', 'Cuisine Asiatique', NULL, NULL, 0, 0, 0, NULL, '', NULL, NULL, ''),
(430, 'Tse Yang', '25 avenue Pierre 1er de Serbie', 'Paris 16', 'Cuisine Asiatique', NULL, NULL, 0, 0, 0, NULL, '', NULL, NULL, ''),
(431, 'Passy Mandarin', '6 rue Bois le Vent', 'Paris 16', 'Cuisine Asiatique', NULL, NULL, 0, 0, 0, NULL, '', NULL, NULL, ''),
(432, 'Traiteur Sea Chiv', '48 avenue Mozart', 'Paris 16', 'Cuisine Asiatique', NULL, NULL, 0, 0, 0, NULL, '', NULL, NULL, ''),
(433, 'Hansan', '192 avenue Victor Hugo', 'Paris 16', 'Cuisine Asiatique', NULL, NULL, 0, 0, 0, NULL, '', NULL, NULL, ''),
(434, 'La Mandarine', '43 rue des Belles Feuilles', 'Paris 16', 'Cuisine Asiatique', NULL, NULL, 0, 0, 0, NULL, '', NULL, NULL, ''),
(435, 'New Joivictor', '159 avenue de Versailles', 'Paris 16', 'Cuisine Asiatique', NULL, NULL, 0, 0, 0, NULL, '', NULL, NULL, ''),
(436, 'Le Bistrot D\'Yves', '33 rue Cardinet', 'Paris 17', 'Cuisine Française', NULL, NULL, 0, 0, 0, NULL, '', NULL, NULL, ''),
(437, 'L\'Envie Du Jour', '106 rue Nollet', 'Paris 17', 'Cuisine Française', NULL, NULL, 0, 0, 0, NULL, '', NULL, NULL, ''),
(438, 'New York À Paris', '33 rue Guersant', 'Paris 17', 'Cuisine Française', NULL, NULL, 0, 0, 0, NULL, '', NULL, NULL, ''),
(439, 'Chez Gabrielle', '7 rue de l Etoile', 'Paris 17', 'Cuisine Française', NULL, NULL, 0, 0, 0, NULL, '', NULL, NULL, ''),
(440, 'Le Hide', '10 rue du General Lanrezac', 'Paris 17', 'Cuisine Française', NULL, NULL, 0, 0, 0, NULL, '', NULL, NULL, ''),
(441, 'Chez Léon', '32 rue Legendre,', 'Paris 17', 'Cuisine Française', NULL, NULL, 0, 0, 0, NULL, '', NULL, NULL, ''),
(442, 'Coretta', '151 Bis rue Cardinet', 'Paris 17', 'Cuisine Française', NULL, NULL, 0, 0, 0, NULL, '', NULL, NULL, ''),
(443, 'Caius', '6 rue d Armaille', 'Paris 17', 'Cuisine Française', NULL, NULL, 0, 0, 0, NULL, '', NULL, NULL, ''),
(444, 'Graindorge', '15 rue de l\'Arc de Triomphe', 'Paris 17', 'Cuisine Française', NULL, NULL, 0, 0, 0, NULL, '', NULL, NULL, ''),
(445, 'Le 975', '25 rue Guy Moquet', 'Paris 17', 'Cuisine Française', NULL, NULL, 0, 0, 0, NULL, '', NULL, NULL, ''),
(446, 'Le Crabe Marteau', '16 rue des Acacias', 'Paris 17', 'Cuisine Française', NULL, NULL, 0, 0, 0, NULL, '', NULL, NULL, ''),
(447, 'Pays Des Neiges', '31 rue Guy Moquet', 'Paris 17', 'Cuisine Asiatique', NULL, NULL, 0, 0, 0, NULL, '', NULL, NULL, ''),
(448, 'Mandarin Saint-Cyr', '47 boulevard Gouvion Saint Cyr', 'Paris 17', 'Cuisine Asiatique', NULL, NULL, 0, 0, 0, NULL, '', NULL, NULL, ''),
(449, 'Mandarin Courcelles', '111 B rue de Courcelles', 'Paris 17', 'Cuisine Asiatique', NULL, NULL, 0, 0, 0, NULL, '', NULL, NULL, ''),
(450, 'Noodle Panda', '19 avenue Mac Mahon', 'Paris 17', 'Cuisine Asiatique', NULL, NULL, 0, 0, 0, NULL, '', NULL, NULL, ''),
(451, 'Chez Chung', '49 boulevard Gouvion Saint Cyr', 'Paris 17', 'Cuisine Asiatique', NULL, NULL, 0, 0, 0, NULL, '', NULL, NULL, ''),
(452, 'Jardin De Sans Souci', '124 avenue de Villiers', 'Paris 17', 'Cuisine Asiatique', NULL, NULL, 0, 0, 0, NULL, '', NULL, NULL, ''),
(453, 'Chez Ly', '95 avenue Niel', 'Paris 17', 'Cuisine Asiatique', NULL, NULL, 0, 0, 0, NULL, '', NULL, NULL, ''),
(454, 'Marmite De Boeuf', '9 rue Barye', 'Paris 17', 'Cuisine Asiatique', NULL, NULL, 0, 0, 0, NULL, '', NULL, NULL, ''),
(455, 'Sacrée Fleur', '50 rue de Clignancourt', 'Paris 18', 'Cuisine Française', NULL, NULL, 0, 0, 0, NULL, '', NULL, NULL, ''),
(456, 'Seb\'On', '62 rue d\'Orsel', 'Paris 18', 'Cuisine Française', NULL, NULL, 0, 0, 0, NULL, '', NULL, NULL, ''),
(457, 'La Vache Et Le Cuisinier', '18 rue des 3 Freres', 'Paris 18', 'Cuisine Française', NULL, NULL, 0, 0, 0, NULL, '', NULL, NULL, ''),
(458, 'Chez Toinette', '20 rue Germain Pilon', 'Paris 18', 'Cuisine Française', NULL, NULL, 0, 0, 0, NULL, '', NULL, NULL, ''),
(459, 'L\'Annexe', '13 rue Des Trois Frères', 'Paris 18', 'Cuisine Française', NULL, NULL, 0, 0, 0, NULL, '', NULL, NULL, ''),
(460, 'La Boite Aux Lettres', '108 rue Lepic', 'Paris 18', 'Cuisine Française', NULL, NULL, 0, 0, 0, NULL, '', NULL, NULL, ''),
(461, 'La Bossue', '9 rue Joseph de Maistre', 'Paris 18', 'Cuisine Française', NULL, NULL, 0, 0, 0, NULL, '', NULL, NULL, ''),
(462, 'La Mandigotte', '68 rue Lepic', 'Paris 18', 'Cuisine Française', NULL, NULL, 0, 0, 0, NULL, '', NULL, NULL, ''),
(463, 'Les Tantes Jeanne', '42 rue Veron', 'Paris 18', 'Cuisine Française', NULL, NULL, 0, 0, 0, NULL, '', NULL, NULL, ''),
(464, 'Le Sanglier Bleu', '102 boulevard De Clichy', 'Paris 18', 'Cuisine Française', NULL, NULL, 0, 0, 0, NULL, '', NULL, NULL, ''),
(465, 'La Table D\'Eugène', '18 rue Eugène sue', 'Paris 18', 'Cuisine Française', NULL, NULL, 0, 0, 0, NULL, '', NULL, NULL, ''),
(466, 'Le Coq Rico - Paris', '98 rue Lepic', 'Paris 18', 'Cuisine Française', NULL, NULL, 0, 0, 0, NULL, '', NULL, NULL, ''),
(467, 'Le Cabanon De La Butte', '6 rue Lamarck', 'Paris 18', 'Cuisine Française', NULL, NULL, 0, 0, 0, NULL, '', NULL, NULL, ''),
(468, 'Aux Trois Petits Cochons', '31 rue Des Trois Freres', 'Paris 18', 'Cuisine Française', NULL, NULL, 0, 0, 0, NULL, '', NULL, NULL, ''),
(469, 'L\'Anvers Du Décor', '32 bis rue d\'orsel', 'Paris 18', 'Cuisine Française', NULL, NULL, 0, 0, 0, NULL, '', NULL, NULL, ''),
(470, 'Le Reciproque', '14 rue Ferdinand Flocon', 'Paris 18', 'Cuisine Française', NULL, NULL, 0, 0, 0, NULL, '', NULL, NULL, ''),
(471, 'Le Basilic', '33 rue Lepic', 'Paris 18', 'Cuisine Française', NULL, NULL, 0, 0, 0, NULL, '', NULL, NULL, ''),
(472, 'Le Jardin D\'En Face', '29 rue des 3 Freres', 'Paris 18', 'Cuisine Française', NULL, NULL, 0, 0, 0, NULL, '', NULL, NULL, ''),
(473, 'Soul Kitchen', '33 rue Lamarck', 'Paris 18', 'Cuisine Française', NULL, NULL, 0, 0, 0, NULL, '', NULL, NULL, ''),
(474, 'La Taverne De Montmartre', '25 rue Gabrielle', 'Paris 18', 'Cuisine Française', NULL, NULL, 0, 0, 0, NULL, '', NULL, NULL, ''),
(475, 'La Cave Gourmande', '96 rue des Martyrs', 'Paris 18', 'Cuisine Française', NULL, NULL, 0, 0, 0, NULL, '', NULL, NULL, ''),
(476, 'Miss Hu', '3 rue Dancourt', 'Paris 18', 'Cuisine Asiatique', NULL, NULL, 0, 0, 0, NULL, '', NULL, NULL, ''),
(477, 'Delices Lepic', '14 rue Lepic', 'Paris 18', 'Cuisine Asiatique', NULL, NULL, 0, 0, 0, NULL, '', NULL, NULL, ''),
(478, 'Lüük', '27 rue de Clignancourt', 'Paris 18', 'Cuisine Asiatique', NULL, NULL, 0, 0, 0, NULL, '', NULL, NULL, ''),
(479, 'Chez Meng', '5 rue Forest', 'Paris 18', 'Cuisine Asiatique', NULL, NULL, 0, 0, 0, NULL, '', NULL, NULL, ''),
(480, 'Ying Et Yang', '8 rue Aristide Bruant', 'Paris 18', 'Cuisine Asiatique', NULL, NULL, 0, 0, 0, NULL, '', NULL, NULL, ''),
(481, 'Da May Fa', '12 rue Lepic', 'Paris 18', 'Cuisine Asiatique', NULL, NULL, 0, 0, 0, NULL, '', NULL, NULL, ''),
(482, 'Hanouman', '32 rue de Torcy', 'Paris 18', 'Cuisine Asiatique', NULL, NULL, 0, 0, 0, NULL, '', NULL, NULL, ''),
(483, 'A L\'Endroit', '9 rue du Tunnel', 'Paris 19', 'Cuisine Française', NULL, NULL, 0, 0, 0, NULL, '', NULL, NULL, ''),
(484, 'Chamroeun Crimee', '4 rue Mathis', 'Paris 19', 'Cuisine Asiatique', NULL, NULL, 0, 0, 0, NULL, '', NULL, NULL, ''),
(485, 'Chez Arnaud', '16 rue Eugene Jumin', 'Paris 19', 'Cuisine Française', NULL, NULL, 0, 0, 0, NULL, '', NULL, NULL, ''),
(486, 'Guo Min Paris', '39 rue de Belleville', 'Paris 19', 'Cuisine Asiatique', NULL, NULL, 0, 0, 0, NULL, '', NULL, NULL, ''),
(487, 'Guo Xin', '47 rue de Belleville', 'Paris 19', 'Cuisine Asiatique', NULL, NULL, 0, 0, 0, NULL, '', NULL, NULL, ''),
(488, 'Le Pacifique', '35 rue de Belleville', 'Paris 19', 'Cuisine Asiatique', NULL, NULL, 0, 0, 0, NULL, '', NULL, NULL, ''),
(489, 'Le Pavillon du Lac', 'Parc de Buttes Chamount', 'Paris 19', 'Cuisine Française', NULL, NULL, 0, 0, 0, NULL, '', NULL, NULL, ''),
(490, 'Panasia', '30 avenue Corentin Cariou', 'Paris 19', 'Cuisine Asiatique', NULL, NULL, 0, 0, 0, NULL, '', NULL, NULL, ''),
(491, 'Tai Yien', '5 rue de Belleville', 'Paris 19', 'Cuisine Asiatique', NULL, NULL, 0, 0, 0, NULL, '', NULL, NULL, ''),
(492, 'Aux Petits Oignons ', '11 rue Dupont de l\'Eure', 'Paris 20', 'Cuisine Française', NULL, NULL, 0, 0, 0, NULL, '', NULL, NULL, ''),
(493, 'Dong Fa', '26 rue de Belleville', 'Paris 20', 'Cuisine Asiatique', NULL, NULL, 0, 0, 0, NULL, '', NULL, NULL, ''),
(494, 'La Cantine Chinoise Wenzhou', '16 rue de Belleville', 'Paris 20', 'Cuisine Asiatique', NULL, NULL, 0, 0, 0, NULL, '', NULL, NULL, ''),
(495, 'Le Jourdain', '101 rue Des Couronnes', 'Paris 20', 'Cuisine Française', NULL, NULL, 0, 0, 0, NULL, '', NULL, NULL, ''),
(496, 'Le Mezze Du Chef Cig Köfte', '80 Rue de Ménilmontant', 'Paris 20', 'Cuisine Française', NULL, NULL, 0, 0, 0, NULL, '', NULL, NULL, ''),
(497, 'Le Rouleau De Printemps', '42 rue de Tourtille', 'Paris 20', 'Cuisine Asiatique', NULL, NULL, 0, 0, 0, NULL, '', NULL, NULL, ''),
(498, 'Restaurant Chinois Wuhan', '32 rue Pelleport', 'Paris 20', 'Cuisine Asiatique', NULL, NULL, 0, 0, 0, NULL, '', NULL, NULL, ''),
(499, 'Royal Fata', '237 rue Pyrenees', 'Paris 20', 'Cuisine Asiatique', NULL, NULL, 0, 0, 0, NULL, '', NULL, NULL, ''),
(500, 'Salon De Thé Wen Zhou', '24 rue de Belleville', 'Paris 20', 'Cuisine Asiatique', NULL, NULL, 0, 0, 0, NULL, '', NULL, NULL, ''),
(518, 'SwenResto', '7 rue amiral galiber', 'Moissac', 'Français', NULL, NULL, 1, 1, 1, 'd217322ea1e8551f6ec978f331be2661.png', 'swen', '0618267527', 'sw@gmail.com', '81100');

-- --------------------------------------------------------

--
-- Structure de la table `user`
--

CREATE TABLE `user` (
  `id` int(11) NOT NULL,
  `email` varchar(255) COLLATE utf8mb4_unicode_ci NOT NULL,
  `password` varchar(255) COLLATE utf8mb4_unicode_ci NOT NULL,
  `roles` longtext COLLATE utf8mb4_unicode_ci NOT NULL COMMENT '(DC2Type:json)',
  `nom` varchar(255) COLLATE utf8mb4_unicode_ci DEFAULT NULL,
  `username` varchar(255) COLLATE utf8mb4_unicode_ci NOT NULL,
  `prenom` varchar(255) COLLATE utf8mb4_unicode_ci DEFAULT NULL,
  `telephone` varchar(255) COLLATE utf8mb4_unicode_ci DEFAULT NULL,
  `restaurant_id` int(11) DEFAULT NULL
) ENGINE=InnoDB DEFAULT CHARSET=utf8mb4 COLLATE=utf8mb4_unicode_ci;

--
-- Déchargement des données de la table `user`
--

INSERT INTO `user` (`id`, `email`, `password`, `roles`, `nom`, `username`, `prenom`, `telephone`, `restaurant_id`) VALUES
(1, 'swendebentzmann@gmail.com', '$2y$13$P4tbsOn6ADhyX0wEXmPcG.y1jDkD50UC0lXbr07IbELyth731X6p6', '[\"ROLE_CLIENT\"]', 'de bentzmann', 'swendebentzmann@gmail.com', 'swen', NULL, NULL),
(15, 'resto@mail.com', '$2y$13$eWpZPFt3TPdH4.6zfkrmKejnbBWXQvw9T5hqTvq2Yc43BHXFbQOFe', '[\"ROLE_RESTAURANT\"]', '', 'resto@mail.com', '', '0918267527', 1);

-- --------------------------------------------------------

--
-- Structure de la table `user_reservation`
--

CREATE TABLE `user_reservation` (
  `id` int(11) NOT NULL,
  `user_id` int(11) NOT NULL,
  `reservation_id` int(11) NOT NULL
) ENGINE=InnoDB DEFAULT CHARSET=utf8mb4 COLLATE=utf8mb4_unicode_ci;

--
-- Déchargement des données de la table `user_reservation`
--

INSERT INTO `user_reservation` (`id`, `user_id`, `reservation_id`) VALUES
(5, 1, 16),
(7, 15, 18),
(8, 15, 19),
(9, 15, 20);

--
-- Index pour les tables déchargées
--

--
-- Index pour la table `categories`
--
ALTER TABLE `categories`
  ADD PRIMARY KEY (`id`),
  ADD KEY `IDX_3AF34668B1E7706E` (`restaurant_id`);

--
-- Index pour la table `commandes`
--
ALTER TABLE `commandes`
  ADD PRIMARY KEY (`id`),
  ADD KEY `IDX_35D4282CB1E7706E` (`restaurant_id`);

--
-- Index pour la table `doctrine_migration_versions`
--
ALTER TABLE `doctrine_migration_versions`
  ADD PRIMARY KEY (`version`);

--
-- Index pour la table `frequence`
--
ALTER TABLE `frequence`
  ADD PRIMARY KEY (`id`),
  ADD UNIQUE KEY `UNIQ_327EE45CB1E7706E` (`restaurant_id`);

--
-- Index pour la table `horaire`
--
ALTER TABLE `horaire`
  ADD PRIMARY KEY (`id`),
  ADD UNIQUE KEY `UNIQ_BBC83DB6B1E7706E` (`restaurant_id`);

--
-- Index pour la table `produit`
--
ALTER TABLE `produit`
  ADD PRIMARY KEY (`id`),
  ADD KEY `IDX_29A5EC27BCF5E72D` (`categorie_id`);

--
-- Index pour la table `reservation`
--
ALTER TABLE `reservation`
  ADD PRIMARY KEY (`id`),
  ADD KEY `IDX_42C84955B1E7706E` (`restaurant_id`);

--
-- Index pour la table `restaurants`
--
ALTER TABLE `restaurants`
  ADD PRIMARY KEY (`id`);

--
-- Index pour la table `user`
--
ALTER TABLE `user`
  ADD PRIMARY KEY (`id`),
  ADD UNIQUE KEY `UNIQ_8D93D649B1E7706E` (`restaurant_id`);

--
-- Index pour la table `user_reservation`
--
ALTER TABLE `user_reservation`
  ADD PRIMARY KEY (`id`),
  ADD KEY `IDX_EBD380C0A76ED395` (`user_id`),
  ADD KEY `IDX_EBD380C0B83297E7` (`reservation_id`);

--
-- AUTO_INCREMENT pour les tables déchargées
--

--
-- AUTO_INCREMENT pour la table `categories`
--
ALTER TABLE `categories`
  MODIFY `id` int(11) NOT NULL AUTO_INCREMENT, AUTO_INCREMENT=12;

--
-- AUTO_INCREMENT pour la table `commandes`
--
ALTER TABLE `commandes`
  MODIFY `id` int(11) NOT NULL AUTO_INCREMENT, AUTO_INCREMENT=2;

--
-- AUTO_INCREMENT pour la table `frequence`
--
ALTER TABLE `frequence`
  MODIFY `id` int(11) NOT NULL AUTO_INCREMENT, AUTO_INCREMENT=12;

--
-- AUTO_INCREMENT pour la table `horaire`
--
ALTER TABLE `horaire`
  MODIFY `id` int(11) NOT NULL AUTO_INCREMENT, AUTO_INCREMENT=6;

--
-- AUTO_INCREMENT pour la table `produit`
--
ALTER TABLE `produit`
  MODIFY `id` int(11) NOT NULL AUTO_INCREMENT, AUTO_INCREMENT=4;

--
-- AUTO_INCREMENT pour la table `reservation`
--
ALTER TABLE `reservation`
  MODIFY `id` int(11) NOT NULL AUTO_INCREMENT, AUTO_INCREMENT=21;

--
-- AUTO_INCREMENT pour la table `restaurants`
--
ALTER TABLE `restaurants`
  MODIFY `id` int(11) NOT NULL AUTO_INCREMENT, AUTO_INCREMENT=519;

--
-- AUTO_INCREMENT pour la table `user`
--
ALTER TABLE `user`
  MODIFY `id` int(11) NOT NULL AUTO_INCREMENT, AUTO_INCREMENT=16;

--
-- AUTO_INCREMENT pour la table `user_reservation`
--
ALTER TABLE `user_reservation`
  MODIFY `id` int(11) NOT NULL AUTO_INCREMENT, AUTO_INCREMENT=10;

--
-- Contraintes pour les tables déchargées
--

--
-- Contraintes pour la table `categories`
--
ALTER TABLE `categories`
  ADD CONSTRAINT `FK_3AF34668B1E7706E` FOREIGN KEY (`restaurant_id`) REFERENCES `restaurants` (`id`);

--
-- Contraintes pour la table `commandes`
--
ALTER TABLE `commandes`
  ADD CONSTRAINT `FK_35D4282CB1E7706E` FOREIGN KEY (`restaurant_id`) REFERENCES `restaurants` (`id`);

--
-- Contraintes pour la table `frequence`
--
ALTER TABLE `frequence`
  ADD CONSTRAINT `FK_327EE45CB1E7706E` FOREIGN KEY (`restaurant_id`) REFERENCES `restaurants` (`id`);

--
-- Contraintes pour la table `horaire`
--
ALTER TABLE `horaire`
  ADD CONSTRAINT `FK_BBC83DB6B1E7706E` FOREIGN KEY (`restaurant_id`) REFERENCES `restaurants` (`id`);

--
-- Contraintes pour la table `produit`
--
ALTER TABLE `produit`
  ADD CONSTRAINT `FK_29A5EC27BCF5E72D` FOREIGN KEY (`categorie_id`) REFERENCES `categories` (`id`);

--
-- Contraintes pour la table `reservation`
--
ALTER TABLE `reservation`
  ADD CONSTRAINT `FK_42C84955B1E7706E` FOREIGN KEY (`restaurant_id`) REFERENCES `restaurants` (`id`);

--
-- Contraintes pour la table `user`
--
ALTER TABLE `user`
  ADD CONSTRAINT `FK_8D93D649B1E7706E` FOREIGN KEY (`restaurant_id`) REFERENCES `restaurants` (`id`);

--
-- Contraintes pour la table `user_reservation`
--
ALTER TABLE `user_reservation`
  ADD CONSTRAINT `FK_EBD380C0A76ED395` FOREIGN KEY (`user_id`) REFERENCES `user` (`id`),
  ADD CONSTRAINT `FK_EBD380C0B83297E7` FOREIGN KEY (`reservation_id`) REFERENCES `reservation` (`id`);
COMMIT;

/*!40101 SET CHARACTER_SET_CLIENT=@OLD_CHARACTER_SET_CLIENT */;
/*!40101 SET CHARACTER_SET_RESULTS=@OLD_CHARACTER_SET_RESULTS */;
/*!40101 SET COLLATION_CONNECTION=@OLD_COLLATION_CONNECTION */;
